Name,Score
"Abbeville, Alabama",Stub
"Adamsville, Alabama",Stub
"Addison, Alabama",Stub
"Akron, Alabama",Stub
"Alabaster, Alabama",Stub
"Albertville, Alabama",Stub
"Alexander City, Alabama",Stub
"Aliceville, Alabama",Start
"Allgood, Alabama",Stub
"Altoona, Alabama",Start
"Andalusia, Alabama",B
"Anderson, Lauderdale County, Alabama",Start
"Anniston, Alabama",B
"Arab, Alabama",B
"Ardmore, Alabama",Stub
"Argo, Alabama",Stub
"Ariton, Alabama",Start
"Arley, Alabama",B
"Ashford, Alabama",Stub
"Ashland, Alabama",Stub
"Ashville, Alabama",Start
"Athens, Alabama",Stub
"Atmore, Alabama",Stub
"Attalla, Alabama",Start
"Auburn, Alabama",Start
"Autaugaville, Alabama",Start
"Avon, Alabama",Stub
"Babbie, Alabama",Start
"Baileyton, Alabama",Stub
"Bakerhill, Alabama",Stub
"Banks, Alabama",Start
"Bay Minette, Alabama",Start
"Bayou La Batre, Alabama",Start
"Bear Creek, Alabama",Stub
"Beatrice, Alabama",Stub
"Beaverton, Alabama",Start
"Belk, Alabama",Start
"Benton, Alabama",Start
"Berlin, Alabama",FA
"Bessemer, Alabama",Stub
"Billingsley, Alabama",Stub
"Birmingham, Alabama",Stub
"Blountsville, Alabama",Stub
"Blue Springs, Alabama",Start
"Boaz, Alabama",Stub
"Boligee, Alabama",Stub
"Bon Air, Alabama",B
"Brantley, Alabama",Stub
"Brent, Alabama",Stub
"Brewton, Alabama",Start
"Bridgeport, Alabama",Start
"Brighton, Alabama",B
"Brilliant, Alabama",Stub
"Brookside, Alabama",Stub
"Brookwood, Alabama",Stub
"Brundidge, Alabama",Start
"Butler, Alabama",Stub
"Calera, Alabama",Stub
"Camp Hill, Alabama",B
"Carbon Hill, Alabama",Start
"Cardiff, Alabama",Stub
"Carolina, Alabama",Stub
"Carrollton, Alabama",Start
"Castleberry, Alabama",Stub
"Cedar Bluff, Alabama",Stub
"Center Point, Alabama",Stub
"Centre, Alabama",Stub
"Centreville, Alabama",Start
"Chatom, Alabama",Start
"Chelsea, Alabama",Stub
"Cherokee, Alabama",B
"Chickasaw, Alabama",Start
"Childersburg, Alabama",Stub
"Citronelle, Alabama",Start
"Clanton, Alabama",Start
"Clay, Alabama",Stub
"Clayhatchee, Alabama",Stub
"Clayton, Alabama",Stub
"Cleveland, Alabama",Stub
"Coaling, Alabama",Stub
"Coffee Springs, Alabama",Stub
"Coffeeville, Alabama",Start
"Coker, Alabama",Stub
"Collinsville, Alabama",Stub
"Colony, Alabama",Stub
"Columbia, Alabama",Start
"Columbiana, Alabama",Start
"Coosada, Alabama",Stub
"Cordova, Alabama",Start
"Cottonwood, Alabama",Stub
"County Line, Alabama",Stub
"Courtland, Alabama",Start
"Cowarts, Alabama",Stub
"Creola, Alabama",Start
"Crossville, Alabama",Stub
"Cuba, Alabama",Stub
"Cullman, Alabama",Start
"Cusseta, Alabama",Stub
"Dadeville, Alabama",Stub
"Daleville, Alabama",Start
"Daphne, Alabama",Start
"Dauphin Island, Alabama",Stub
"Daviston, Alabama",Stub
"Deatsville, Alabama",Stub
"Decatur, Alabama",Start
"Demopolis, Alabama",Stub
"Detroit, Alabama",Start
"Dodge City, Alabama",Stub
"Dora, Alabama",Stub
"Dothan, Alabama",Start
"Double Springs, Alabama",Start
"Douglas, Alabama",Start
"Dozier, Alabama",Start
"Dutton, Alabama",Start
"East Brewton, Alabama",Stub
"Eclectic, Alabama",Stub
"Edwardsville, Alabama",Start
"Elba, Alabama",Stub
"Elberta, Alabama",Start
"Eldridge, Alabama",Stub
"Elkmont, Alabama",Stub
"Elmore, Alabama",Stub
"Emelle, Alabama",Stub
"Enterprise, Alabama",Stub
"Epes, Alabama",Stub
"Ethelsville, Alabama",Stub
"Eufaula, Alabama",Start
"Eutaw, Alabama",Start
"Eva, Alabama",Stub
"Evergreen, Conecuh County, Alabama",Start
"Excel, Alabama",Stub
"Fairfield, Alabama",Stub
"Fairhope, Alabama",Stub
"Fairview, Alabama",Start
"Falkville, Alabama",Stub
"Faunsdale, Alabama",Start
"Fayette, Alabama",Stub
"Five Points, Alabama",Stub
"Flomaton, Alabama",Stub
"Florala, Alabama",Start
"Florence, Alabama",Stub
"Foley, Alabama",Stub
"Forkland, Alabama",Stub
"Fort Deposit, Alabama",Stub
"Fort Payne, Alabama",Start
"Franklin, Alabama",Stub
"Frisco City, Alabama",Stub
"Fruithurst, Alabama",Stub
"Fulton, Alabama",Stub
"Fultondale, Alabama",Start
"Fyffe, Alabama",Stub
"Gadsden, Alabama",Start
"Gainesville, Alabama",Stub
"Gantt, Alabama",Stub
"Garden City, Alabama",B
"Gardendale, Alabama",Stub
"Gaylesville, Alabama",Stub
"Geiger, Alabama",Stub
"Geneva, Alabama",Start
"Georgiana, Alabama",Stub
"Geraldine, Alabama",Start
"Gilbertown, Alabama",Stub
"Glen Allen, Alabama",Stub
"Glencoe, Alabama",Stub
"Goldville, Alabama",Start
"Good Hope, Alabama",Stub
"Goodwater, Alabama",B
"Gordo, Alabama",Stub
"Gordon, Alabama",Stub
"Gordonville, Alabama",Stub
"Goshen, Alabama",Start
"Grant, Alabama",Start
"Graysville, Alabama",Start
"Greensboro, Alabama",Stub
"Greenville, Alabama",Stub
"Grove Hill, Alabama",Stub
"Guin, Alabama",Stub
"Gulf Shores, Alabama",Start
"Guntersville, Alabama",Start
"Gurley, Alabama",B
"Gu-Win, Alabama",Start
"Hackleburg, Alabama",Start
"Haleburg, Alabama",Start
"Haleyville, Alabama",Stub
"Hamilton, Alabama",Start
"Hammondville, Alabama",Start
"Hanceville, Alabama",Stub
"Harpersville, Alabama",Stub
"Hartford, Alabama",Start
"Hartselle, Alabama",Stub
"Hayden, Alabama",Start
"Hayneville, Alabama",Stub
"Headland, Alabama",Stub
"Heath, Alabama",Stub
"Heflin, Alabama",Stub
"Helena, Alabama",Stub
"Henagar, Alabama",Start
"Highland Lake, Alabama",Start
"Hillsboro, Alabama",Stub
"Hobson City, Alabama",Stub
"Hodges, Alabama",Stub
"Hokes Bluff, Alabama",Stub
"Hollywood, Alabama",Stub
"Homewood, Alabama",Start
"Hoover, Alabama",Stub
"Horn Hill, Alabama",Stub
"Hueytown, Alabama",Stub
"Huntsville, Alabama",Stub
"Hurtsboro, Alabama",Stub
"Hytop, Alabama",Start
"Ider, Alabama",Stub
"Indian Springs Village, Alabama",Stub
"Irondale, Alabama",Stub
"Jackson, Alabama",Start
"Jackson's Gap, Alabama",Stub
"Jacksonville, Alabama",Stub
"Jasper, Alabama",Start
"Jemison, Alabama",Stub
"Kansas, Alabama",Stub
"Kellyton, Alabama",Stub
"Kennedy, Alabama",Stub
"Killen, Alabama",Stub
"Kimberly, Alabama",Stub
"Kinsey, Alabama",Start
"Kinston, Alabama",Stub
"LaFayette, Alabama",Stub
"Lake View, Alabama",Start
"Lakeview, Alabama",Stub
"Lanett, Alabama",Stub
"Langston, Alabama",Start
"Leeds, Alabama",Stub
"Leesburg, Alabama",Stub
"Leighton, Alabama",Stub
"Lester, Alabama",Stub
"Level Plains, Alabama",Start
"Lexington, Alabama",Stub
"Libertyville, Alabama",Stub
"Lincoln, Alabama",Stub
"Linden, Alabama",Start
"Lipscomb, Alabama",Start
"Lisman, Alabama",Stub
"Littleville, Alabama",Stub
"Livingston, Alabama",Start
"Loachapoka, Alabama",Start
"Lockhart, Alabama",Stub
"Locust Fork, Alabama",Start
"Louisville, Alabama",Start
"Lowndesboro, Alabama",Start
"Loxley, Alabama",Stub
"Luverne, Alabama",Stub
"Lynn, Alabama",Stub
"Madison, Alabama",Stub
"Madrid, Alabama",Stub
"Magnolia Springs, Alabama",Start
"Malvern, Alabama",Stub
"Maplesville, Alabama",Stub
"Margaret, Alabama",Stub
"Marion, Alabama",Stub
"Maytown, Alabama",Start
"McIntosh, Alabama",Start
"McKenzie, Alabama",Stub
"McMullen, Alabama",Stub
"Memphis, Alabama",Stub
"Mentone, Alabama",Stub
"Midfield, Alabama",B
"Midland City, Alabama",B
"Midway, Alabama",Stub
"Millbrook, Alabama",Stub
"Millport, Alabama",Stub
"Millry, Alabama",Stub
"Mobile, Alabama",Start
"Montevallo, Alabama",Start
"Montgomery, Alabama",Stub
"Moody, Alabama",Stub
"Mooresville, Alabama",Stub
"Morris, Alabama",Stub
"Mosses, Alabama",Stub
"Moulton, Alabama",Stub
"Moundville, Alabama",Stub
"Mountain Brook, Alabama",Stub
"Mulga, Alabama",Stub
"Munford, Alabama",Stub
"Muscle Shoals, Alabama",Stub
"Myrtlewood, Alabama",Start
"Napier Field, Alabama",Start
"Natural Bridge, Alabama",Stub
"Nauvoo, Alabama",Start
"Nectar, Alabama",Stub
"Needham, Alabama",Stub
"New Brockton, Alabama",Stub
"New Hope, Alabama",Stub
"New Site, Alabama",Stub
"Newbern, Alabama",Start
"Newville, Alabama",Stub
"North Courtland, Alabama",Stub
"North Johns, Alabama",Stub
"Northport, Alabama",Start
"Notasulga, Alabama",Start
"Oak Grove, Alabama",Stub
"Oak Hill, Alabama",Start
"Oakman, Alabama",Stub
"Odenville, Alabama",Stub
"Ohatchee, Alabama",Stub
"Oneonta, Alabama",Start
"Onycha, Alabama",Stub
"Opelika, Alabama",Start
"Opp, Alabama",B
"Orange Beach, Alabama",Stub
"Orrville, Alabama",Stub
"Owens Cross Roads, Alabama",B
"Oxford, Alabama",Start
"Ozark, Alabama",Stub
"Paint Rock, Alabama",Start
"Parrish, Alabama",Stub
"Pelham, Alabama",B
"Pell City, Alabama",Stub
"Pennington, Alabama",Stub
"Perdido Beach, Alabama",B
"Petrey, Alabama",Stub
"Phenix City, Alabama",Start
"Phil Campbell, Alabama",Stub
"Pickensville, Alabama",Start
"Piedmont, Alabama",Start
"Pike Road, Alabama",B
"Pinckard, Alabama",Stub
"Pine Apple, Alabama",Start
"Pine Hill, Alabama",Stub
"Pine Ridge, Alabama",Stub
"Pinson, Alabama",Stub
"Pisgah, Alabama",Stub
"Pleasant Grove, Alabama",Stub
"Pleasant Groves, Alabama",Stub
"Pollard, Alabama",Start
"Powell, Alabama",Stub
"Prattville, Alabama",Start
"Prichard, Alabama",Stub
"Providence, Alabama",Start
"Ragland, Alabama",Stub
"Rainbow City, Alabama",Start
"Rainsville, Alabama",Start
"Ranburne, Alabama",Stub
"Red Bay, Alabama",Stub
"Red Level, Alabama",Stub
"Reece City, Alabama",Stub
"Reform, Alabama",Start
"Rehobeth, Alabama",Stub
"Repton, Alabama",Stub
"Ridgeville, Alabama",Start
"River Falls, Alabama",Start
"Riverside, Alabama",Stub
"Riverview, Alabama",Start
"Roanoke, Alabama",Stub
"Robertsdale, Alabama",Start
"Rockford, Alabama",Start
"Rogersville, Alabama",Stub
"Rosa, Alabama",B
"Russellville, Alabama",Start
"Rutledge, Alabama",Start
"St. Florian, Alabama",Stub
"Samson, Alabama",Start
"Sand Rock, Alabama",Stub
"Sanford, Alabama",Start
"Saraland, Alabama",Start
"Sardis City, Alabama",Start
"Satsuma, Alabama",Stub
"Scottsboro, Alabama",Stub
"Section, Alabama",Stub
"Selma, Alabama",Stub
"Sheffield, Alabama",Stub
"Shiloh, DeKalb County, Alabama",Stub
"Shorter, Alabama",Stub
"Silas, Alabama",Stub
"Silverhill, Alabama",Start
"Sipsey, Alabama",Start
"Skyline, Alabama",Start
"Slocomb, Alabama",Start
"Smiths Station, Alabama",Stub
"Somerville, Alabama",Stub
"South Vinemont, Alabama",Start
"Southside, Alabama",B
"Spanish Fort, Alabama",Start
"Springville, Alabama",Start
"Steele, Alabama",Start
"Stevenson, Alabama",Start
"Sulligent, Alabama",Stub
"Sumiton, Alabama",Stub
"Summerdale, Alabama",Stub
"Susan Moore, Alabama",Start
"Sweet Water, Alabama",Stub
"Sylacauga, Alabama",Stub
"Sylvan Springs, Alabama",Stub
"Sylvania, Alabama",Stub
"Talladega Springs, Alabama",Stub
"Talladega, Alabama",Stub
"Taylor, Alabama",Stub
"Thomasville, Alabama",Start
"Thorsby, Alabama",Stub
"Town Creek, Alabama",Stub
"Toxey, Alabama",Stub
"Trafford, Alabama",Stub
"Triana, Alabama",Start
"Trinity, Alabama",Stub
"Troy, Alabama",Start
"Trussville, Alabama",Start
"Tuscaloosa, Alabama",Start
"Tuscumbia, Alabama",Stub
"Tuskegee, Alabama",Stub
"Twin, Alabama",Stub
"Union Grove, Alabama",Stub
"Union Springs, Alabama",Stub
"Union, Alabama",Stub
"Uniontown, Alabama",Stub
"Valley, Alabama",Start
"Valley Grande, Alabama",Stub
"Valley Head, Alabama",Stub
"Vance, Alabama",Start
"Vernon, Alabama",Start
"Vestavia Hills, Alabama",Stub
"Vina, Alabama",Stub
"Vincent, Alabama",Stub
"Vredenburgh, Alabama",Stub
"Wadley, Alabama",Stub
"Waldo, Alabama",Start
"Walnut Grove, Alabama",Stub
"Warrior, Alabama",Start
"Waterloo, Alabama",Stub
"Waverly, Alabama",Start
"Weaver, Alabama",Stub
"Webb, Alabama",Stub
"Wedowee, Alabama",Stub
"West Blocton, Alabama",Stub
"West Jefferson, Alabama",Stub
"West Point, Alabama",Stub
"Westover, Alabama",Stub
"Wetumpka, Alabama",Stub
"White Hall, Alabama",Start
"Wilsonville, Alabama",Start
"Winfield, Alabama",Start
"Woodland, Alabama",Start
"Woodstock, Alabama",Stub
"Woodville, Alabama",Start
"Yellow Bluff, Alabama",B
"York, Alabama",Stub
"Adak, Alaska",Stub
"Akhiok, Alaska",Start
"Akiak, Alaska",Start
"Akutan, Alaska",Stub
"Alakanuk, Alaska",B
"Aleknagik, Alaska",Stub
"Allakaket, Alaska",Stub
"Ambler, Alaska",Stub
"Anaktuvuk Pass, Alaska",Stub
"Anchorage, Alaska",Start
"Anderson, Alaska",Stub
"Angoon, Alaska",Start
"Aniak, Alaska",Stub
"Anvik, Alaska",Stub
"Atka, Alaska",Stub
"Atqasuk, Alaska",Start
"Bethel, Alaska",Stub
"Bettles, Alaska",Stub
"Brevig Mission, Alaska",Start
"Buckland, Alaska",Start
"Chefornak, Alaska",Start
"Chevak, Alaska",Stub
"Chignik, Alaska",Stub
"Chuathbaluk, Alaska",Start
"Clark's Point, Alaska",Start
"Coffman Cove, Alaska",B
"Cold Bay, Alaska",Stub
"Cordova, Alaska",Stub
"Craig, Alaska",Stub
"Deering, Alaska",Stub
"Delta Junction, Alaska",Start
"Dillingham, Alaska",Stub
"Diomede, Alaska",Start
"Eagle, Alaska",Stub
"Edna Bay, Alaska",Stub
"Eek, Alaska",B
"Egegik, Alaska",Stub
"Ekwok, Alaska",Start
"Elim, Alaska",Stub
"Emmonak, Alaska",Stub
"Fairbanks, Alaska",Stub
"False Pass, Alaska",B
"Fort Yukon, Alaska",Start
"Galena, Alaska",Stub
"Gambell, Alaska",Stub
"Golovin, Alaska",Start
"Goodnews Bay, Alaska",Stub
"Grayling, Alaska",Stub
"Gustavus, Alaska",Stub
"Holy Cross, Alaska",Start
"Homer, Alaska",Stub
"Hoonah, Alaska",Start
"Hooper Bay, Alaska",Stub
"Houston, Alaska",Start
"Hughes, Alaska",B
"Huslia, Alaska",Start
"Hydaburg, Alaska",Start
"Kachemak, Alaska",Start
"Kake, Alaska",Stub
"Kaktovik, Alaska",Stub
"Kaltag, Alaska",Start
"Kasaan, Alaska",Start
"Kenai, Alaska",Stub
"Ketchikan, Alaska",Stub
"Kiana, Alaska",Stub
"King Cove, Alaska",Stub
"Kivalina, Alaska",Start
"Klawock, Alaska",B
"Kobuk, Alaska",Stub
"Kodiak, Alaska",Stub
"Kotlik, Alaska",Start
"Kotzebue, Alaska",Stub
"Koyuk, Alaska",Start
"Koyukuk, Alaska",Start
"Kupreanof, Alaska",Start
"Kwethluk, Alaska",Start
"Larsen Bay, Alaska",Stub
"Lower Kalskag, Alaska",Stub
"Marshall, Alaska",Stub
"McGrath, Alaska",Stub
"Mekoryuk, Alaska",Stub
"Mountain Village, Alaska",Stub
"Napakiak, Alaska",Start
"Napaskiak, Alaska",Start
"Nenana, Alaska",Start
"New Stuyahok, Alaska",Stub
"Newhalen, Alaska",Stub
"Nightmute, Alaska",Start
"Nikolai, Alaska",Stub
"Nome, Alaska",Stub
"Nondalton, Alaska",Stub
"Noorvik, Alaska",Start
"North Pole, Alaska",Stub
"Nuiqsut, Alaska",Stub
"Nulato, Alaska",Stub
"Nunam Iqua, Alaska",Stub
"Nunapitchuk, Alaska",Start
"Old Harbor, Alaska",Stub
"Ouzinkie, Alaska",Stub
"Palmer, Alaska",Stub
"Pilot Point, Alaska",Stub
"Pilot Station, Alaska",Stub
"Platinum, Alaska",Start
"Point Hope, Alaska",Stub
"Port Alexander, Alaska",Stub
"Port Heiden, Alaska",Stub
"Port Lions, Alaska",Stub
"Ruby, Alaska",Stub
"Russian Mission, Alaska",Start
"Saint Paul, Alaska",Start
"Sand Point, Alaska",Start
"Savoonga, Alaska",Stub
"Saxman, Alaska",B
"Scammon Bay, Alaska",Stub
"Selawik, Alaska",Start
"Seldovia, Alaska",Stub
"Seward, Alaska",Stub
"Shageluk, Alaska",Stub
"Shaktoolik, Alaska",Start
"Shishmaref, Alaska",Start
"Sitka, Alaska",Stub
"Soldotna, Alaska",Start
"St. Mary's, Alaska",Stub
"St. Michael, Alaska",Stub
"Stebbins, Alaska",Start
"Tanana, Alaska",Start
"Teller, Alaska",Stub
"Tenakee Springs, Alaska",Stub
"Thorne Bay, Alaska",Stub
"Togiak, Alaska",Stub
"Unalakleet, Alaska",Stub
"Unalaska, Alaska",Start
"Upper Kalskag, Alaska",Stub
Utqiaġvik,Stub
"Valdez, Alaska",Stub
"Wainwright, Alaska",Stub
"Wales, Alaska",Stub
"Wasilla, Alaska",Stub
"Whale Pass, Alaska",Stub
"White Mountain, Alaska",Start
"Whittier, Alaska",Stub
"Wrangell, Alaska",Stub
"Apache Junction, Arizona",Start
"Avondale, Arizona",Stub
"Benson, Arizona",Stub
"Bisbee, Arizona",Stub
"Buckeye, Arizona",Start
"Bullhead City, Arizona",Start
"Camp Verde, Arizona",Stub
"Carefree, Arizona",B
"Casa Grande, Arizona",Stub
"Cave Creek, Arizona",Stub
"Chandler, Arizona",Start
"Chino Valley, Arizona",Start
"Clarkdale, Arizona",Start
"Clifton, Arizona",Stub
"Colorado City, Arizona",Stub
"Coolidge, Arizona",Stub
"Cottonwood, Arizona",Stub
"Dewey-Humboldt, Arizona",Stub
"Douglas, Arizona",Start
"Duncan, Arizona",Stub
"Eagar, Arizona",Stub
"El Mirage, Arizona",Stub
"Eloy, Arizona",Stub
"Flagstaff, Arizona",Stub
"Florence, Arizona",Stub
"Fountain Hills, Arizona",Start
"Fredonia, Arizona",Stub
"Gila Bend, Arizona",Stub
"Gilbert, Arizona",Stub
"Glendale, Arizona",Stub
"Globe, Arizona",Stub
"Goodyear, Arizona",B
"Guadalupe, Arizona",Start
"Hayden, Arizona",Start
"Holbrook, Arizona",Start
"Huachuca City, Arizona",Start
"Jerome, Arizona",Stub
"Kearny, Arizona",Start
"Kingman, Arizona",Stub
"Lake Havasu City, Arizona",Start
"Litchfield Park, Arizona",Stub
"Mammoth, Arizona",Stub
"Maricopa, Arizona",B
"Mesa, Arizona",Stub
"Miami, Arizona",Stub
"Nogales, Arizona",Start
"Oro Valley, Arizona",Start
"Page, Arizona",Stub
"Paradise Valley, Arizona",Stub
"Parker, Arizona",Stub
"Patagonia, Arizona",Stub
"Payson, Arizona",Stub
"Peoria, Arizona",Stub
"Phoenix, Arizona",Start
"Pima, Arizona",Stub
"Pinetop-Lakeside, Arizona",Stub
"Prescott, Arizona",Stub
"Prescott Valley, Arizona",Stub
"Quartzsite, Arizona",Stub
"Queen Creek, Arizona",Stub
"Safford, Arizona",Stub
"Sahuarita, Arizona",Stub
"San Luis, Arizona",Stub
"Scottsdale, Arizona",Start
"Sedona, Arizona",Stub
"Show Low, Arizona",Stub
"Sierra Vista, Arizona",Stub
"Snowflake, Arizona",Start
"Somerton, Arizona",Stub
"South Tucson, Arizona",Stub
"Springerville, Arizona",Stub
"St. Johns, Arizona",Stub
"Star Valley, Arizona",Stub
"Superior, Arizona",Start
"Surprise, Arizona",Stub
"Taylor, Arizona",Stub
"Tempe, Arizona",Start
"Thatcher, Arizona",Stub
"Tolleson, Arizona",Start
"Tombstone, Arizona",Stub
"Tusayan, Arizona",Start
"Wellton, Arizona",Start
"Wickenburg, Arizona",Stub
"Willcox, Arizona",Stub
"Williams, Arizona",Stub
"Winkelman, Arizona",Stub
"Winslow, Arizona",Stub
"Youngtown, Arizona",Stub
"Yuma, Arizona",Start
"Alicia, Arkansas",Stub
"Allport, Arkansas",Stub
"Alma, Arkansas",Stub
"Almyra, Arkansas",Stub
"Alpena, Arkansas",Stub
"Altheimer, Arkansas",Stub
"Altus, Arkansas",Start
"Amagon, Arkansas",B
"Amity, Arkansas",Stub
"Antoine, Arkansas",Stub
"Arkadelphia, Arkansas",Start
"Arkansas City, Arkansas",Stub
"Ash Flat, Arkansas",Stub
"Ashdown, Arkansas",Stub
"Atkins, Arkansas",Start
"Aubrey, Arkansas",Stub
"Augusta, Arkansas",Start
"Austin, Arkansas",Stub
"Avoca, Arkansas",Start
"Bald Knob, Arkansas",Stub
"Banks, Arkansas",B
"Barling, Arkansas",Start
"Bassett, Arkansas",Stub
"Bauxite, Arkansas",Stub
"Bay, Arkansas",Start
"Bearden, Arkansas",Start
"Beaver, Arkansas",Stub
"Beebe, Arkansas",Stub
"Beedeville, Arkansas",Stub
"Bella Vista, Arkansas",Stub
"Bellefonte, Arkansas",Stub
"Belleville, Arkansas",Start
"Ben Lomond, Arkansas",Start
"Benton, Arkansas",Stub
"Bentonville, Arkansas",Stub
"Bergman, Arkansas",Start
"Berryville, Arkansas",Stub
"Bethel Heights, Arkansas",Stub
"Big Flat, Arkansas",B
"Bigelow, Arkansas",Start
"Biggers, Arkansas",Stub
"Birdsong, Arkansas",Stub
"Black Oak, Arkansas",Stub
"Black Rock, Arkansas",Start
"Black Springs, Arkansas",B
"Blevins, Arkansas",Start
"Blue Eye, Arkansas",Start
"Blue Mountain, Arkansas",Stub
"Bluff City, Arkansas",Start
"Blytheville, Arkansas",Stub
"Bodcaw, Arkansas",Start
"Bonanza, Arkansas",Start
"Bono, Arkansas",Stub
"Booneville, Arkansas",Stub
"Bradford, Arkansas",Start
"Bradley, Arkansas",Start
"Branch, Arkansas",Stub
"Briarcliff, Arkansas",B
"Brinkley, Arkansas",B
"Brookland, Arkansas",Stub
"Bryant, Arkansas",Start
"Buckner, Arkansas",Start
"Bull Shoals, Arkansas",Stub
"Burdette, Arkansas",Start
"Cabot, Arkansas",Stub
"Caddo Valley, Arkansas",Stub
"Caldwell, Arkansas",Stub
"Cale, Arkansas",Stub
"Calico Rock, Arkansas",Stub
"Calion, Arkansas",Stub
"Camden, Arkansas",B
"Cammack Village, Arkansas",Stub
"Campbell Station, Arkansas",Stub
"Caraway, Arkansas",Start
"Carlisle, Arkansas",Stub
"Carthage, Arkansas",Stub
"Casa, Arkansas",Stub
"Cash, Arkansas",Stub
"Caulksville, Arkansas",Stub
"Cave City, Arkansas",Start
"Cave Springs, Arkansas",Stub
"Cedarville, Arkansas",Stub
"Centerton, Arkansas",Stub
"Central City, Arkansas",Stub
"Charleston, Arkansas",Stub
"Cherokee Village, Arkansas",Stub
"Cherry Valley, Arkansas",Stub
"Chester, Arkansas",Stub
"Chidester, Arkansas",Stub
"Clarendon, Arkansas",Stub
"Clarkedale, Arkansas",Stub
"Clarksville, Arkansas",Stub
"Clinton, Arkansas",Stub
"Coal Hill, Arkansas",Start
"Colt, Arkansas",Start
"Concord, Arkansas",Stub
"Conway, Arkansas",Stub
"Corinth, Arkansas",Start
"Corning, Arkansas",Start
"Cotter, Arkansas",Stub
"Cotton Plant, Arkansas",Stub
"Cove, Arkansas",Stub
"Coy, Arkansas",Stub
"Crawfordsville, Arkansas",Stub
"Crossett, Arkansas",Start
"Cushman, Arkansas",Start
"Daisy, Arkansas",Stub
"Damascus, Arkansas",Start
"Danville, Arkansas",Start
"Dardanelle, Arkansas",Stub
"Datto, Arkansas",Start
"De Queen, Arkansas",Stub
"DeValls Bluff, Arkansas",Start
"Decatur, Arkansas",Start
"Delaplaine, Arkansas",Stub
"Delight, Arkansas",Stub
"Dell, Arkansas",Stub
"Denning, Arkansas",Stub
"Dermott, Arkansas",Start
"Des Arc, Arkansas",Stub
"DeWitt, Arkansas",Stub
"Diamond City, Arkansas",Start
"Diaz, Arkansas",Start
"Dierks, Arkansas",Start
"Donaldson, Arkansas",Stub
"Dover, Arkansas",Stub
"Dumas, Arkansas",B
"Dyer, Arkansas",Stub
"Dyess, Arkansas",Start
"Earle, Arkansas",Stub
"East Camden, Arkansas",B
"Edmondson, Arkansas",Stub
"Egypt, Arkansas",Start
"El Dorado, Arkansas",Stub
"Elaine, Arkansas",Stub
"Elkins, Arkansas",Stub
"Elm Springs, Arkansas",Stub
"Emerson, Arkansas",Start
"Emmet, Arkansas",Stub
"England, Arkansas",B
"Enola, Arkansas",Stub
"Etowah, Arkansas",Start
"Eudora, Arkansas",Start
"Eureka Springs, Arkansas",Start
"Evening Shade, Arkansas",Start
"Everton, Arkansas",Start
"Fairfield Bay, Arkansas",Start
"Fargo, Arkansas",Stub
"Farmington, Arkansas",Stub
"Fayetteville, Arkansas",Start
"Felsenthal, Arkansas",Start
"Fifty-Six, Arkansas",Stub
"Fisher, Arkansas",B
"Flippin, Arkansas",Stub
"Fordyce, Arkansas",Start
"Foreman, Arkansas",Stub
"Fort Smith, Arkansas",Stub
"Fouke, Arkansas",B
"Fountain Lake, Arkansas",Start
"Fourche, Arkansas",Stub
"Franklin, Arkansas",Stub
"Fredonia (Biscoe), Arkansas",Stub
"Friendship, Arkansas",Start
"Fulton, Arkansas",Start
"Garfield, Arkansas",B
"Garland, Arkansas",Stub
"Garner, Arkansas",B
"Gassville, Arkansas",Stub
"Gateway, Arkansas",Stub
"Gentry, Arkansas",Stub
"Georgetown, Arkansas",Stub
"Gillett, Arkansas",Start
"Gillham, Arkansas",Stub
"Gilmore, Arkansas",Start
"Glenwood, Arkansas",Stub
"Goshen, Arkansas",Stub
"Gosnell, Arkansas",Start
"Gould, Arkansas",Start
"Grady, Arkansas",B
"Grannis, Arkansas",Start
"Gravette, Arkansas",Stub
"Green Forest, Arkansas",Stub
"Greenbrier, Arkansas",Stub
"Greenland, Arkansas",Stub
"Greenway, Arkansas",Start
"Greenwood, Arkansas",Stub
"Griffithville, Arkansas",Start
"Grubbs, Arkansas",Stub
"Guion, Arkansas",Start
"Gum Springs, Arkansas",Start
"Gurdon, Arkansas",Start
"Guy, Arkansas",B
"Hackett, Arkansas",Start
"Hamburg, Arkansas",Stub
"Hampton, Arkansas",Start
"Hardy, Arkansas",Start
"Harrell, Arkansas",Start
"Harrisburg, Arkansas",Stub
"Harrison, Arkansas",Stub
"Hartford, Arkansas",Start
"Hartman, Arkansas",Stub
"Haskell, Arkansas",B
"Hatfield, Arkansas",Stub
"Havana, Arkansas",Stub
"Haynes, Arkansas",Stub
"Hazen, Arkansas",Stub
"Heber Springs, Arkansas",Start
"Hector, Arkansas",Start
"Helena-West Helena, Arkansas",B
"Hermitage, Arkansas",Stub
"Hickory Ridge, Arkansas",Stub
"Higden, Arkansas",B
"Higginson, Arkansas",Stub
"Highfill, Arkansas",Start
"Highland, Arkansas",Start
"Hindsville, Arkansas",Start
"Holland, Arkansas",Start
"Holly Grove, Arkansas",Start
"Hope, Arkansas",Stub
"Horseshoe Bend, Arkansas",Start
"Horseshoe Lake, Arkansas",Stub
"Hot Springs, Arkansas",Start
"Houston, Arkansas",Stub
"Hoxie, Arkansas",B
"Hughes, Arkansas",Start
"Humnoke, Arkansas",Stub
"Humphrey, Arkansas",Stub
"Hunter, Arkansas",Stub
"Huntington, Arkansas",Start
"Huntsville, Arkansas",B
"Huttig, Arkansas",Stub
"Imboden, Arkansas",Stub
"Jacksonport, Arkansas",Stub
"Jacksonville, Arkansas",Start
"Jennette, Arkansas",Start
"Jericho, Arkansas",Stub
"Johnson, Arkansas",Start
"Joiner, Arkansas",Stub
"Jonesboro, Arkansas",Start
"Judsonia, Arkansas",Stub
"Junction City, Arkansas",Stub
"Keiser, Arkansas",Stub
"Kensett, Arkansas",Stub
"Keo, Arkansas",Stub
"Kibler, Arkansas",Stub
"Kingsland, Arkansas",Stub
"Knobel, Arkansas",Stub
"Knoxville, Arkansas",B
"Lafe, Arkansas",Stub
"LaGrange, Arkansas",Stub
"Lake City, Arkansas",Stub
"Lake View, Arkansas",Stub
"Lake Village, Arkansas",Start
"Lakeview, Arkansas",Stub
"Lamar, Arkansas",Start
"Lavaca, Arkansas",Stub
"Leachville, Arkansas",B
"Lead Hill, Arkansas",B
"Leola, Arkansas",B
"Lepanto, Arkansas",Start
"Leslie, Arkansas",B
"Letona, Arkansas",Stub
"Lewisville, Arkansas",Start
"Lexa, Arkansas",Stub
"Lincoln, Arkansas",Start
"Little Flock, Arkansas",Start
"Lockesburg, Arkansas",Start
"London, Arkansas",Stub
"Lonoke, Arkansas",B
"Lonsdale, Arkansas",B
"Louann, Arkansas",Stub
"Luxora, Arkansas",Start
"Lynn, Arkansas",Start
"Madison, Arkansas",Stub
"Magazine, Arkansas",Stub
"Magness, Arkansas",Stub
"Magnolia, Arkansas",Start
"Malvern, Arkansas",Stub
"Mammoth Spring, Arkansas",Start
"Manila, Arkansas",Stub
"Mansfield, Arkansas",Start
"Marianna, Arkansas",Start
"Marie, Arkansas",Start
"Marion, Arkansas",Start
"Marked Tree, Arkansas",Start
"Marmaduke, Arkansas",Stub
"Marshall, Arkansas",Stub
