revision_id,page_title,state,article_quality,url
104730,"Abbeville, Alabama",Alabama,Stub,"https://en.wikipedia.org/wiki/Abbeville,_Alabama"
104761,"Adamsville, Alabama",Alabama,Stub,"https://en.wikipedia.org/wiki/Adamsville,_Alabama"
105188,"Addison, Alabama",Alabama,Stub,"https://en.wikipedia.org/wiki/Addison,_Alabama"
104726,"Akron, Alabama",Alabama,Stub,"https://en.wikipedia.org/wiki/Akron,_Alabama"
105109,"Alabaster, Alabama",Alabama,Stub,"https://en.wikipedia.org/wiki/Alabaster,_Alabama"
104899,"Albertville, Alabama",Alabama,Stub,"https://en.wikipedia.org/wiki/Albertville,_Alabama"
105153,"Alexander City, Alabama",Alabama,Stub,"https://en.wikipedia.org/wiki/Alexander_City,_Alabama"
105086,"Aliceville, Alabama",Alabama,Start,"https://en.wikipedia.org/wiki/Aliceville,_Alabama"
100811,"Allgood, Alabama",Alabama,Stub,"https://en.wikipedia.org/wiki/Allgood,_Alabama"
100812,"Altoona, Alabama",Alabama,Start,"https://en.wikipedia.org/wiki/Altoona,_Alabama"
104595,"Andalusia, Alabama",Alabama,B,"https://en.wikipedia.org/wiki/Andalusia,_Alabama"
46726043,"Anderson, Lauderdale County, Alabama",Alabama,Start,"https://en.wikipedia.org/wiki/Anderson,_Lauderdale_County,_Alabama"
103733,"Anniston, Alabama",Alabama,B,"https://en.wikipedia.org/wiki/Anniston,_Alabama"
104617,"Arab, Alabama",Alabama,B,"https://en.wikipedia.org/wiki/Arab,_Alabama"
104850,"Ardmore, Alabama",Alabama,Stub,"https://en.wikipedia.org/wiki/Ardmore,_Alabama"
104764,"Argo, Alabama",Alabama,Stub,"https://en.wikipedia.org/wiki/Argo,_Alabama"
104630,"Ariton, Alabama",Alabama,Start,"https://en.wikipedia.org/wiki/Ariton,_Alabama"
105189,"Arley, Alabama",Alabama,B,"https://en.wikipedia.org/wiki/Arley,_Alabama"
104734,"Ashford, Alabama",Alabama,Stub,"https://en.wikipedia.org/wiki/Ashford,_Alabama"
104574,"Ashland, Alabama",Alabama,Stub,"https://en.wikipedia.org/wiki/Ashland,_Alabama"
105125,"Ashville, Alabama",Alabama,Start,"https://en.wikipedia.org/wiki/Ashville,_Alabama"
104851,"Athens, Alabama",Alabama,Stub,"https://en.wikipedia.org/wiki/Athens,_Alabama"
104682,"Atmore, Alabama",Alabama,Stub,"https://en.wikipedia.org/wiki/Atmore,_Alabama"
104688,"Attalla, Alabama",Alabama,Start,"https://en.wikipedia.org/wiki/Attalla,_Alabama"
104844,"Auburn, Alabama",Alabama,Start,"https://en.wikipedia.org/wiki/Auburn,_Alabama"
99880,"Autaugaville, Alabama",Alabama,Start,"https://en.wikipedia.org/wiki/Autaugaville,_Alabama"
104735,"Avon, Alabama",Alabama,Stub,"https://en.wikipedia.org/wiki/Avon,_Alabama"
104596,"Babbie, Alabama",Alabama,Start,"https://en.wikipedia.org/wiki/Babbie,_Alabama"
104618,"Baileyton, Alabama",Alabama,Stub,"https://en.wikipedia.org/wiki/Baileyton,_Alabama"
6022587,"Bakerhill, Alabama",Alabama,Stub,"https://en.wikipedia.org/wiki/Bakerhill,_Alabama"
105096,"Banks, Alabama",Alabama,Start,"https://en.wikipedia.org/wiki/Banks,_Alabama"
99886,"Bay Minette, Alabama",Alabama,Start,"https://en.wikipedia.org/wiki/Bay_Minette,_Alabama"
104904,"Bayou La Batre, Alabama",Alabama,Start,"https://en.wikipedia.org/wiki/Bayou_La_Batre,_Alabama"
104893,"Bear Creek, Alabama",Alabama,Stub,"https://en.wikipedia.org/wiki/Bear_Creek,_Alabama"
104923,"Beatrice, Alabama",Alabama,Stub,"https://en.wikipedia.org/wiki/Beatrice,_Alabama"
104820,"Beaverton, Alabama",Alabama,Start,"https://en.wikipedia.org/wiki/Beaverton,_Alabama"
104700,"Belk, Alabama",Alabama,Start,"https://en.wikipedia.org/wiki/Belk,_Alabama"
104859,"Benton, Alabama",Alabama,Start,"https://en.wikipedia.org/wiki/Benton,_Alabama"
23831085,"Berlin, Alabama",Alabama,FA,"https://en.wikipedia.org/wiki/Berlin,_Alabama"
104765,"Bessemer, Alabama",Alabama,Stub,"https://en.wikipedia.org/wiki/Bessemer,_Alabama"
99882,"Billingsley, Alabama",Alabama,Stub,"https://en.wikipedia.org/wiki/Billingsley,_Alabama"
85427,"Birmingham, Alabama",Alabama,Stub,"https://en.wikipedia.org/wiki/Birmingham,_Alabama"
100813,"Blountsville, Alabama",Alabama,Stub,"https://en.wikipedia.org/wiki/Blountsville,_Alabama"
100800,"Blue Springs, Alabama",Alabama,Start,"https://en.wikipedia.org/wiki/Blue_Springs,_Alabama"
104689,"Boaz, Alabama",Alabama,Stub,"https://en.wikipedia.org/wiki/Boaz,_Alabama"
104722,"Boligee, Alabama",Alabama,Stub,"https://en.wikipedia.org/wiki/Boligee,_Alabama"
105142,"Bon Air, Alabama",Alabama,B,"https://en.wikipedia.org/wiki/Bon_Air,_Alabama"
104609,"Brantley, Alabama",Alabama,Stub,"https://en.wikipedia.org/wiki/Brantley,_Alabama"
100805,"Brent, Alabama",Alabama,Stub,"https://en.wikipedia.org/wiki/Brent,_Alabama"
104683,"Brewton, Alabama",Alabama,Start,"https://en.wikipedia.org/wiki/Brewton,_Alabama"
104745,"Bridgeport, Alabama",Alabama,Start,"https://en.wikipedia.org/wiki/Bridgeport,_Alabama"
104766,"Brighton, Alabama",Alabama,B,"https://en.wikipedia.org/wiki/Brighton,_Alabama"
104894,"Brilliant, Alabama",Alabama,Stub,"https://en.wikipedia.org/wiki/Brilliant,_Alabama"
104767,"Brookside, Alabama",Alabama,Stub,"https://en.wikipedia.org/wiki/Brookside,_Alabama"
105161,"Brookwood, Alabama",Alabama,Stub,"https://en.wikipedia.org/wiki/Brookwood,_Alabama"
105098,"Brundidge, Alabama",Alabama,Start,"https://en.wikipedia.org/wiki/Brundidge,_Alabama"
104561,"Butler, Alabama",Alabama,Stub,"https://en.wikipedia.org/wiki/Butler,_Alabama"
104556,"Calera, Alabama",Alabama,Stub,"https://en.wikipedia.org/wiki/Calera,_Alabama"
105154,"Camp Hill, Alabama",Alabama,B,"https://en.wikipedia.org/wiki/Camp_Hill,_Alabama"
105168,"Carbon Hill, Alabama",Alabama,Start,"https://en.wikipedia.org/wiki/Carbon_Hill,_Alabama"
104769,"Cardiff, Alabama",Alabama,Stub,"https://en.wikipedia.org/wiki/Cardiff,_Alabama"
104597,"Carolina, Alabama",Alabama,Stub,"https://en.wikipedia.org/wiki/Carolina,_Alabama"
105087,"Carrollton, Alabama",Alabama,Start,"https://en.wikipedia.org/wiki/Carrollton,_Alabama"
104590,"Castleberry, Alabama",Alabama,Stub,"https://en.wikipedia.org/wiki/Castleberry,_Alabama"
104550,"Cedar Bluff, Alabama",Alabama,Stub,"https://en.wikipedia.org/wiki/Cedar_Bluff,_Alabama"
104771,"Center Point, Alabama",Alabama,Stub,"https://en.wikipedia.org/wiki/Center_Point,_Alabama"
104551,"Centre, Alabama",Alabama,Stub,"https://en.wikipedia.org/wiki/Centre,_Alabama"
100806,"Centreville, Alabama",Alabama,Start,"https://en.wikipedia.org/wiki/Centreville,_Alabama"
105178,"Chatom, Alabama",Alabama,Start,"https://en.wikipedia.org/wiki/Chatom,_Alabama"
105110,"Chelsea, Alabama",Alabama,Stub,"https://en.wikipedia.org/wiki/Chelsea,_Alabama"
104584,"Cherokee, Alabama",Alabama,B,"https://en.wikipedia.org/wiki/Cherokee,_Alabama"
104905,"Chickasaw, Alabama",Alabama,Start,"https://en.wikipedia.org/wiki/Chickasaw,_Alabama"
105111,"Childersburg, Alabama",Alabama,Stub,"https://en.wikipedia.org/wiki/Childersburg,_Alabama"
104907,"Citronelle, Alabama",Alabama,Start,"https://en.wikipedia.org/wiki/Citronelle,_Alabama"
104557,"Clanton, Alabama",Alabama,Start,"https://en.wikipedia.org/wiki/Clanton,_Alabama"
104773,"Clay, Alabama",Alabama,Stub,"https://en.wikipedia.org/wiki/Clay,_Alabama"
104631,"Clayhatchee, Alabama",Alabama,Stub,"https://en.wikipedia.org/wiki/Clayhatchee,_Alabama"
100801,"Clayton, Alabama",Alabama,Stub,"https://en.wikipedia.org/wiki/Clayton,_Alabama"
100816,"Cleveland, Alabama",Alabama,Stub,"https://en.wikipedia.org/wiki/Cleveland,_Alabama"
105162,"Coaling, Alabama",Alabama,Stub,"https://en.wikipedia.org/wiki/Coaling,_Alabama"
104713,"Coffee Springs, Alabama",Alabama,Stub,"https://en.wikipedia.org/wiki/Coffee_Springs,_Alabama"
104569,"Coffeeville, Alabama",Alabama,Start,"https://en.wikipedia.org/wiki/Coffeeville,_Alabama"
105163,"Coker, Alabama",Alabama,Stub,"https://en.wikipedia.org/wiki/Coker,_Alabama"
104552,"Collinsville, Alabama",Alabama,Stub,"https://en.wikipedia.org/wiki/Collinsville,_Alabama"
104620,"Colony, Alabama",Alabama,Stub,"https://en.wikipedia.org/wiki/Colony,_Alabama"
104736,"Columbia, Alabama",Alabama,Start,"https://en.wikipedia.org/wiki/Columbia,_Alabama"
105112,"Columbiana, Alabama",Alabama,Start,"https://en.wikipedia.org/wiki/Columbiana,_Alabama"
104676,"Coosada, Alabama",Alabama,Stub,"https://en.wikipedia.org/wiki/Coosada,_Alabama"
105169,"Cordova, Alabama",Alabama,Start,"https://en.wikipedia.org/wiki/Cordova,_Alabama"
104737,"Cottonwood, Alabama",Alabama,Stub,"https://en.wikipedia.org/wiki/Cottonwood,_Alabama"
101154,"County Line, Alabama",Alabama,Stub,"https://en.wikipedia.org/wiki/County_Line,_Alabama"
104839,"Courtland, Alabama",Alabama,Start,"https://en.wikipedia.org/wiki/Courtland,_Alabama"
104738,"Cowarts, Alabama",Alabama,Stub,"https://en.wikipedia.org/wiki/Cowarts,_Alabama"
104908,"Creola, Alabama",Alabama,Start,"https://en.wikipedia.org/wiki/Creola,_Alabama"
104660,"Crossville, Alabama",Alabama,Stub,"https://en.wikipedia.org/wiki/Crossville,_Alabama"
105135,"Cuba, Alabama",Alabama,Stub,"https://en.wikipedia.org/wiki/Cuba,_Alabama"
104621,"Cullman, Alabama",Alabama,Start,"https://en.wikipedia.org/wiki/Cullman,_Alabama"
7960910,"Cusseta, Alabama",Alabama,Stub,"https://en.wikipedia.org/wiki/Cusseta,_Alabama"
105155,"Dadeville, Alabama",Alabama,Stub,"https://en.wikipedia.org/wiki/Dadeville,_Alabama"
104632,"Daleville, Alabama",Alabama,Start,"https://en.wikipedia.org/wiki/Daleville,_Alabama"
99887,"Daphne, Alabama",Alabama,Start,"https://en.wikipedia.org/wiki/Daphne,_Alabama"
104909,"Dauphin Island, Alabama",Alabama,Stub,"https://en.wikipedia.org/wiki/Dauphin_Island,_Alabama"
105156,"Daviston, Alabama",Alabama,Stub,"https://en.wikipedia.org/wiki/Daviston,_Alabama"
104677,"Deatsville, Alabama",Alabama,Stub,"https://en.wikipedia.org/wiki/Deatsville,_Alabama"
104852,"Decatur, Alabama",Alabama,Start,"https://en.wikipedia.org/wiki/Decatur,_Alabama"
104883,"Demopolis, Alabama",Alabama,Stub,"https://en.wikipedia.org/wiki/Demopolis,_Alabama"
104822,"Detroit, Alabama",Alabama,Start,"https://en.wikipedia.org/wiki/Detroit,_Alabama"
104622,"Dodge City, Alabama",Alabama,Stub,"https://en.wikipedia.org/wiki/Dodge_City,_Alabama"
105170,"Dora, Alabama",Alabama,Stub,"https://en.wikipedia.org/wiki/Dora,_Alabama"
104633,"Dothan, Alabama",Alabama,Start,"https://en.wikipedia.org/wiki/Dothan,_Alabama"
105190,"Double Springs, Alabama",Alabama,Start,"https://en.wikipedia.org/wiki/Double_Springs,_Alabama"
104900,"Douglas, Alabama",Alabama,Start,"https://en.wikipedia.org/wiki/Douglas,_Alabama"
104610,"Dozier, Alabama",Alabama,Start,"https://en.wikipedia.org/wiki/Dozier,_Alabama"
104747,"Dutton, Alabama",Alabama,Start,"https://en.wikipedia.org/wiki/Dutton,_Alabama"
104684,"East Brewton, Alabama",Alabama,Stub,"https://en.wikipedia.org/wiki/East_Brewton,_Alabama"
104678,"Eclectic, Alabama",Alabama,Stub,"https://en.wikipedia.org/wiki/Eclectic,_Alabama"
104576,"Edwardsville, Alabama",Alabama,Start,"https://en.wikipedia.org/wiki/Edwardsville,_Alabama"
104580,"Elba, Alabama",Alabama,Stub,"https://en.wikipedia.org/wiki/Elba,_Alabama"
99888,"Elberta, Alabama",Alabama,Start,"https://en.wikipedia.org/wiki/Elberta,_Alabama"
105171,"Eldridge, Alabama",Alabama,Stub,"https://en.wikipedia.org/wiki/Eldridge,_Alabama"
104853,"Elkmont, Alabama",Alabama,Stub,"https://en.wikipedia.org/wiki/Elkmont,_Alabama"
104679,"Elmore, Alabama",Alabama,Stub,"https://en.wikipedia.org/wiki/Elmore,_Alabama"
105136,"Emelle, Alabama",Alabama,Stub,"https://en.wikipedia.org/wiki/Emelle,_Alabama"
104581,"Enterprise, Alabama",Alabama,Stub,"https://en.wikipedia.org/wiki/Enterprise,_Alabama"
105137,"Epes, Alabama",Alabama,Stub,"https://en.wikipedia.org/wiki/Epes,_Alabama"
105088,"Ethelsville, Alabama",Alabama,Stub,"https://en.wikipedia.org/wiki/Ethelsville,_Alabama"
100803,"Eufaula, Alabama",Alabama,Start,"https://en.wikipedia.org/wiki/Eufaula,_Alabama"
104723,"Eutaw, Alabama",Alabama,Start,"https://en.wikipedia.org/wiki/Eutaw,_Alabama"
105078,"Eva, Alabama",Alabama,Stub,"https://en.wikipedia.org/wiki/Eva,_Alabama"
104591,"Evergreen, Conecuh County, Alabama",Alabama,Start,"https://en.wikipedia.org/wiki/Evergreen,_Conecuh_County,_Alabama"
104924,"Excel, Alabama",Alabama,Stub,"https://en.wikipedia.org/wiki/Excel,_Alabama"
104777,"Fairfield, Alabama",Alabama,Stub,"https://en.wikipedia.org/wiki/Fairfield,_Alabama"
99889,"Fairhope, Alabama",Alabama,Stub,"https://en.wikipedia.org/wiki/Fairhope,_Alabama"
104623,"Fairview, Alabama",Alabama,Start,"https://en.wikipedia.org/wiki/Fairview,_Alabama"
105079,"Falkville, Alabama",Alabama,Stub,"https://en.wikipedia.org/wiki/Falkville,_Alabama"
104884,"Faunsdale, Alabama",Alabama,Start,"https://en.wikipedia.org/wiki/Faunsdale,_Alabama"
104703,"Fayette, Alabama",Alabama,Stub,"https://en.wikipedia.org/wiki/Fayette,_Alabama"
104544,"Five Points, Alabama",Alabama,Stub,"https://en.wikipedia.org/wiki/Five_Points,_Alabama"
104685,"Flomaton, Alabama",Alabama,Stub,"https://en.wikipedia.org/wiki/Flomaton,_Alabama"
104598,"Florala, Alabama",Alabama,Start,"https://en.wikipedia.org/wiki/Florala,_Alabama"
104829,"Florence, Alabama",Alabama,Stub,"https://en.wikipedia.org/wiki/Florence,_Alabama"
99890,"Foley, Alabama",Alabama,Stub,"https://en.wikipedia.org/wiki/Foley,_Alabama"
104724,"Forkland, Alabama",Alabama,Stub,"https://en.wikipedia.org/wiki/Forkland,_Alabama"
104860,"Fort Deposit, Alabama",Alabama,Stub,"https://en.wikipedia.org/wiki/Fort_Deposit,_Alabama"
104661,"Fort Payne, Alabama",Alabama,Start,"https://en.wikipedia.org/wiki/Fort_Payne,_Alabama"
104867,"Franklin, Alabama",Alabama,Stub,"https://en.wikipedia.org/wiki/Franklin,_Alabama"
104925,"Frisco City, Alabama",Alabama,Stub,"https://en.wikipedia.org/wiki/Frisco_City,_Alabama"
104577,"Fruithurst, Alabama",Alabama,Stub,"https://en.wikipedia.org/wiki/Fruithurst,_Alabama"
104570,"Fulton, Alabama",Alabama,Stub,"https://en.wikipedia.org/wiki/Fulton,_Alabama"
104779,"Fultondale, Alabama",Alabama,Start,"https://en.wikipedia.org/wiki/Fultondale,_Alabama"
104662,"Fyffe, Alabama",Alabama,Stub,"https://en.wikipedia.org/wiki/Fyffe,_Alabama"
104690,"Gadsden, Alabama",Alabama,Start,"https://en.wikipedia.org/wiki/Gadsden,_Alabama"
105138,"Gainesville, Alabama",Alabama,Stub,"https://en.wikipedia.org/wiki/Gainesville,_Alabama"
104599,"Gantt, Alabama",Alabama,Stub,"https://en.wikipedia.org/wiki/Gantt,_Alabama"
101155,"Garden City, Alabama",Alabama,B,"https://en.wikipedia.org/wiki/Garden_City,_Alabama"
104780,"Gardendale, Alabama",Alabama,Stub,"https://en.wikipedia.org/wiki/Gardendale,_Alabama"
104553,"Gaylesville, Alabama",Alabama,Stub,"https://en.wikipedia.org/wiki/Gaylesville,_Alabama"
105139,"Geiger, Alabama",Alabama,Stub,"https://en.wikipedia.org/wiki/Geiger,_Alabama"
104715,"Geneva, Alabama",Alabama,Start,"https://en.wikipedia.org/wiki/Geneva,_Alabama"
101169,"Georgiana, Alabama",Alabama,Stub,"https://en.wikipedia.org/wiki/Georgiana,_Alabama"
104663,"Geraldine, Alabama",Alabama,Start,"https://en.wikipedia.org/wiki/Geraldine,_Alabama"
104562,"Gilbertown, Alabama",Alabama,Stub,"https://en.wikipedia.org/wiki/Gilbertown,_Alabama"
104704,"Glen Allen, Alabama",Alabama,Stub,"https://en.wikipedia.org/wiki/Glen_Allen,_Alabama"
103736,"Glencoe, Alabama",Alabama,Stub,"https://en.wikipedia.org/wiki/Glencoe,_Alabama"
105157,"Goldville, Alabama",Alabama,Start,"https://en.wikipedia.org/wiki/Goldville,_Alabama"
104625,"Good Hope, Alabama",Alabama,Stub,"https://en.wikipedia.org/wiki/Good_Hope,_Alabama"
104593,"Goodwater, Alabama",Alabama,B,"https://en.wikipedia.org/wiki/Goodwater,_Alabama"
105089,"Gordo, Alabama",Alabama,Stub,"https://en.wikipedia.org/wiki/Gordo,_Alabama"
104739,"Gordon, Alabama",Alabama,Stub,"https://en.wikipedia.org/wiki/Gordon,_Alabama"
104862,"Gordonville, Alabama",Alabama,Stub,"https://en.wikipedia.org/wiki/Gordonville,_Alabama"
105099,"Goshen, Alabama",Alabama,Start,"https://en.wikipedia.org/wiki/Goshen,_Alabama"
104901,"Grant, Alabama",Alabama,Start,"https://en.wikipedia.org/wiki/Grant,_Alabama"
104782,"Graysville, Alabama",Alabama,Start,"https://en.wikipedia.org/wiki/Graysville,_Alabama"
104727,"Greensboro, Alabama",Alabama,Stub,"https://en.wikipedia.org/wiki/Greensboro,_Alabama"
101170,"Greenville, Alabama",Alabama,Stub,"https://en.wikipedia.org/wiki/Greenville,_Alabama"
104571,"Grove Hill, Alabama",Alabama,Stub,"https://en.wikipedia.org/wiki/Grove_Hill,_Alabama"
104705,"Guin, Alabama",Alabama,Stub,"https://en.wikipedia.org/wiki/Guin,_Alabama"
104895,"Gulf Shores, Alabama",Alabama,Start,"https://en.wikipedia.org/wiki/Gulf_Shores,_Alabama"
99891,"Guntersville, Alabama",Alabama,Start,"https://en.wikipedia.org/wiki/Guntersville,_Alabama"
104902,"Gurley, Alabama",Alabama,B,"https://en.wikipedia.org/wiki/Gurley,_Alabama"
104870,"Gu-Win, Alabama",Alabama,Start,"https://en.wikipedia.org/wiki/Gu-Win,_Alabama"
104896,"Hackleburg, Alabama",Alabama,Start,"https://en.wikipedia.org/wiki/Hackleburg,_Alabama"
104731,"Haleburg, Alabama",Alabama,Start,"https://en.wikipedia.org/wiki/Haleburg,_Alabama"
104897,"Haleyville, Alabama",Alabama,Stub,"https://en.wikipedia.org/wiki/Haleyville,_Alabama"
104898,"Hamilton, Alabama",Alabama,Start,"https://en.wikipedia.org/wiki/Hamilton,_Alabama"
104664,"Hammondville, Alabama",Alabama,Start,"https://en.wikipedia.org/wiki/Hammondville,_Alabama"
104626,"Hanceville, Alabama",Alabama,Stub,"https://en.wikipedia.org/wiki/Hanceville,_Alabama"
105113,"Harpersville, Alabama",Alabama,Stub,"https://en.wikipedia.org/wiki/Harpersville,_Alabama"
104716,"Hartford, Alabama",Alabama,Start,"https://en.wikipedia.org/wiki/Hartford,_Alabama"
105080,"Hartselle, Alabama",Alabama,Stub,"https://en.wikipedia.org/wiki/Hartselle,_Alabama"
101156,"Hayden, Alabama",Alabama,Start,"https://en.wikipedia.org/wiki/Hayden,_Alabama"
104863,"Hayneville, Alabama",Alabama,Stub,"https://en.wikipedia.org/wiki/Hayneville,_Alabama"
104732,"Headland, Alabama",Alabama,Stub,"https://en.wikipedia.org/wiki/Headland,_Alabama"
104600,"Heath, Alabama",Alabama,Stub,"https://en.wikipedia.org/wiki/Heath,_Alabama"
104578,"Heflin, Alabama",Alabama,Stub,"https://en.wikipedia.org/wiki/Heflin,_Alabama"
104783,"Helena, Alabama",Alabama,Stub,"https://en.wikipedia.org/wiki/Helena,_Alabama"
104665,"Henagar, Alabama",Alabama,Start,"https://en.wikipedia.org/wiki/Henagar,_Alabama"
101157,"Highland Lake, Alabama",Alabama,Start,"https://en.wikipedia.org/wiki/Highland_Lake,_Alabama"
104840,"Hillsboro, Alabama",Alabama,Stub,"https://en.wikipedia.org/wiki/Hillsboro,_Alabama"
103737,"Hobson City, Alabama",Alabama,Stub,"https://en.wikipedia.org/wiki/Hobson_City,_Alabama"
104707,"Hodges, Alabama",Alabama,Stub,"https://en.wikipedia.org/wiki/Hodges,_Alabama"
104691,"Hokes Bluff, Alabama",Alabama,Stub,"https://en.wikipedia.org/wiki/Hokes_Bluff,_Alabama"
104748,"Hollywood, Alabama",Alabama,Stub,"https://en.wikipedia.org/wiki/Hollywood,_Alabama"
104785,"Homewood, Alabama",Alabama,Start,"https://en.wikipedia.org/wiki/Homewood,_Alabama"
104786,"Hoover, Alabama",Alabama,Stub,"https://en.wikipedia.org/wiki/Hoover,_Alabama"
104601,"Horn Hill, Alabama",Alabama,Stub,"https://en.wikipedia.org/wiki/Horn_Hill,_Alabama"
104787,"Hueytown, Alabama",Alabama,Stub,"https://en.wikipedia.org/wiki/Hueytown,_Alabama"
104854,"Huntsville, Alabama",Alabama,Stub,"https://en.wikipedia.org/wiki/Huntsville,_Alabama"
105106,"Hurtsboro, Alabama",Alabama,Stub,"https://en.wikipedia.org/wiki/Hurtsboro,_Alabama"
104749,"Hytop, Alabama",Alabama,Start,"https://en.wikipedia.org/wiki/Hytop,_Alabama"
104666,"Ider, Alabama",Alabama,Stub,"https://en.wikipedia.org/wiki/Ider,_Alabama"
105114,"Indian Springs Village, Alabama",Alabama,Stub,"https://en.wikipedia.org/wiki/Indian_Springs_Village,_Alabama"
104788,"Irondale, Alabama",Alabama,Stub,"https://en.wikipedia.org/wiki/Irondale,_Alabama"
105158,"Jackson, Alabama",Alabama,Start,"https://en.wikipedia.org/wiki/Jackson,_Alabama"
104572,"Jackson's Gap, Alabama",Alabama,Stub,"https://en.wikipedia.org/wiki/Jackson's_Gap,_Alabama"
103738,"Jacksonville, Alabama",Alabama,Stub,"https://en.wikipedia.org/wiki/Jacksonville,_Alabama"
105172,"Jasper, Alabama",Alabama,Start,"https://en.wikipedia.org/wiki/Jasper,_Alabama"
104558,"Jemison, Alabama",Alabama,Stub,"https://en.wikipedia.org/wiki/Jemison,_Alabama"
105173,"Kansas, Alabama",Alabama,Stub,"https://en.wikipedia.org/wiki/Kansas,_Alabama"
19008413,"Kellyton, Alabama",Alabama,Stub,"https://en.wikipedia.org/wiki/Kellyton,_Alabama"
104823,"Kennedy, Alabama",Alabama,Stub,"https://en.wikipedia.org/wiki/Kennedy,_Alabama"
104831,"Killen, Alabama",Alabama,Stub,"https://en.wikipedia.org/wiki/Killen,_Alabama"
104789,"Kimberly, Alabama",Alabama,Stub,"https://en.wikipedia.org/wiki/Kimberly,_Alabama"
104740,"Kinsey, Alabama",Alabama,Start,"https://en.wikipedia.org/wiki/Kinsey,_Alabama"
104582,"Kinston, Alabama",Alabama,Stub,"https://en.wikipedia.org/wiki/Kinston,_Alabama"
104546,"LaFayette, Alabama",Alabama,Stub,"https://en.wikipedia.org/wiki/LaFayette,_Alabama"
105165,"Lake View, Alabama",Alabama,Start,"https://en.wikipedia.org/wiki/Lake_View,_Alabama"
104667,"Lakeview, Alabama",Alabama,Stub,"https://en.wikipedia.org/wiki/Lakeview,_Alabama"
104547,"Lanett, Alabama",Alabama,Stub,"https://en.wikipedia.org/wiki/Lanett,_Alabama"
104750,"Langston, Alabama",Alabama,Start,"https://en.wikipedia.org/wiki/Langston,_Alabama"
104793,"Leeds, Alabama",Alabama,Stub,"https://en.wikipedia.org/wiki/Leeds,_Alabama"
104554,"Leesburg, Alabama",Alabama,Stub,"https://en.wikipedia.org/wiki/Leesburg,_Alabama"
104585,"Leighton, Alabama",Alabama,Stub,"https://en.wikipedia.org/wiki/Leighton,_Alabama"
104855,"Lester, Alabama",Alabama,Stub,"https://en.wikipedia.org/wiki/Lester,_Alabama"
104636,"Level Plains, Alabama",Alabama,Start,"https://en.wikipedia.org/wiki/Level_Plains,_Alabama"
104832,"Lexington, Alabama",Alabama,Stub,"https://en.wikipedia.org/wiki/Lexington,_Alabama"
104602,"Libertyville, Alabama",Alabama,Stub,"https://en.wikipedia.org/wiki/Libertyville,_Alabama"
105145,"Lincoln, Alabama",Alabama,Stub,"https://en.wikipedia.org/wiki/Lincoln,_Alabama"
104886,"Linden, Alabama",Alabama,Start,"https://en.wikipedia.org/wiki/Linden,_Alabama"
104794,"Lipscomb, Alabama",Alabama,Start,"https://en.wikipedia.org/wiki/Lipscomb,_Alabama"
104563,"Lisman, Alabama",Alabama,Stub,"https://en.wikipedia.org/wiki/Lisman,_Alabama"
104586,"Littleville, Alabama",Alabama,Stub,"https://en.wikipedia.org/wiki/Littleville,_Alabama"
105140,"Livingston, Alabama",Alabama,Start,"https://en.wikipedia.org/wiki/Livingston,_Alabama"
104845,"Loachapoka, Alabama",Alabama,Start,"https://en.wikipedia.org/wiki/Loachapoka,_Alabama"
104603,"Lockhart, Alabama",Alabama,Stub,"https://en.wikipedia.org/wiki/Lockhart,_Alabama"
101158,"Locust Fork, Alabama",Alabama,Start,"https://en.wikipedia.org/wiki/Locust_Fork,_Alabama"
100804,"Louisville, Alabama",Alabama,Start,"https://en.wikipedia.org/wiki/Louisville,_Alabama"
104864,"Lowndesboro, Alabama",Alabama,Start,"https://en.wikipedia.org/wiki/Lowndesboro,_Alabama"
99892,"Loxley, Alabama",Alabama,Stub,"https://en.wikipedia.org/wiki/Loxley,_Alabama"
104613,"Luverne, Alabama",Alabama,Stub,"https://en.wikipedia.org/wiki/Luverne,_Alabama"
105191,"Lynn, Alabama",Alabama,Stub,"https://en.wikipedia.org/wiki/Lynn,_Alabama"
104856,"Madison, Alabama",Alabama,Stub,"https://en.wikipedia.org/wiki/Madison,_Alabama"
104741,"Madrid, Alabama",Alabama,Stub,"https://en.wikipedia.org/wiki/Madrid,_Alabama"
4373372,"Magnolia Springs, Alabama",Alabama,Start,"https://en.wikipedia.org/wiki/Magnolia_Springs,_Alabama"
104717,"Malvern, Alabama",Alabama,Stub,"https://en.wikipedia.org/wiki/Malvern,_Alabama"
104559,"Maplesville, Alabama",Alabama,Stub,"https://en.wikipedia.org/wiki/Maplesville,_Alabama"
105127,"Margaret, Alabama",Alabama,Stub,"https://en.wikipedia.org/wiki/Margaret,_Alabama"
105084,"Marion, Alabama",Alabama,Stub,"https://en.wikipedia.org/wiki/Marion,_Alabama"
104795,"Maytown, Alabama",Alabama,Start,"https://en.wikipedia.org/wiki/Maytown,_Alabama"
105179,"McIntosh, Alabama",Alabama,Start,"https://en.wikipedia.org/wiki/McIntosh,_Alabama"
101171,"McKenzie, Alabama",Alabama,Stub,"https://en.wikipedia.org/wiki/McKenzie,_Alabama"
105091,"McMullen, Alabama",Alabama,Stub,"https://en.wikipedia.org/wiki/McMullen,_Alabama"
105092,"Memphis, Alabama",Alabama,Stub,"https://en.wikipedia.org/wiki/Memphis,_Alabama"
104668,"Mentone, Alabama",Alabama,Stub,"https://en.wikipedia.org/wiki/Mentone,_Alabama"
104798,"Midfield, Alabama",Alabama,B,"https://en.wikipedia.org/wiki/Midfield,_Alabama"
104637,"Midland City, Alabama",Alabama,B,"https://en.wikipedia.org/wiki/Midland_City,_Alabama"
101166,"Midway, Alabama",Alabama,Stub,"https://en.wikipedia.org/wiki/Midway,_Alabama"
106407,"Millbrook, Alabama",Alabama,Stub,"https://en.wikipedia.org/wiki/Millbrook,_Alabama"
104824,"Millport, Alabama",Alabama,Stub,"https://en.wikipedia.org/wiki/Millport,_Alabama"
105180,"Millry, Alabama",Alabama,Stub,"https://en.wikipedia.org/wiki/Millry,_Alabama"
20952,"Mobile, Alabama",Alabama,Start,"https://en.wikipedia.org/wiki/Mobile,_Alabama"
105119,"Montevallo, Alabama",Alabama,Start,"https://en.wikipedia.org/wiki/Montevallo,_Alabama"
57690,"Montgomery, Alabama",Alabama,Stub,"https://en.wikipedia.org/wiki/Montgomery,_Alabama"
105128,"Moody, Alabama",Alabama,Stub,"https://en.wikipedia.org/wiki/Moody,_Alabama"
104857,"Mooresville, Alabama",Alabama,Stub,"https://en.wikipedia.org/wiki/Mooresville,_Alabama"
104800,"Morris, Alabama",Alabama,Stub,"https://en.wikipedia.org/wiki/Morris,_Alabama"
104865,"Mosses, Alabama",Alabama,Stub,"https://en.wikipedia.org/wiki/Mosses,_Alabama"
104841,"Moulton, Alabama",Alabama,Stub,"https://en.wikipedia.org/wiki/Moulton,_Alabama"
104728,"Moundville, Alabama",Alabama,Stub,"https://en.wikipedia.org/wiki/Moundville,_Alabama"
104803,"Mountain Brook, Alabama",Alabama,Stub,"https://en.wikipedia.org/wiki/Mountain_Brook,_Alabama"
104804,"Mulga, Alabama",Alabama,Stub,"https://en.wikipedia.org/wiki/Mulga,_Alabama"
105147,"Munford, Alabama",Alabama,Stub,"https://en.wikipedia.org/wiki/Munford,_Alabama"
104587,"Muscle Shoals, Alabama",Alabama,Stub,"https://en.wikipedia.org/wiki/Muscle_Shoals,_Alabama"
104887,"Myrtlewood, Alabama",Alabama,Start,"https://en.wikipedia.org/wiki/Myrtlewood,_Alabama"
104638,"Napier Field, Alabama",Alabama,Start,"https://en.wikipedia.org/wiki/Napier_Field,_Alabama"
105193,"Natural Bridge, Alabama",Alabama,Stub,"https://en.wikipedia.org/wiki/Natural_Bridge,_Alabama"
105174,"Nauvoo, Alabama",Alabama,Start,"https://en.wikipedia.org/wiki/Nauvoo,_Alabama"
101159,"Nectar, Alabama",Alabama,Stub,"https://en.wikipedia.org/wiki/Nectar,_Alabama"
104564,"Needham, Alabama",Alabama,Stub,"https://en.wikipedia.org/wiki/Needham,_Alabama"
104583,"New Brockton, Alabama",Alabama,Stub,"https://en.wikipedia.org/wiki/New_Brockton,_Alabama"
104875,"New Hope, Alabama",Alabama,Stub,"https://en.wikipedia.org/wiki/New_Hope,_Alabama"
105159,"New Site, Alabama",Alabama,Stub,"https://en.wikipedia.org/wiki/New_Site,_Alabama"
104729,"Newbern, Alabama",Alabama,Start,"https://en.wikipedia.org/wiki/Newbern,_Alabama"
104733,"Newville, Alabama",Alabama,Stub,"https://en.wikipedia.org/wiki/Newville,_Alabama"
104842,"North Courtland, Alabama",Alabama,Stub,"https://en.wikipedia.org/wiki/North_Courtland,_Alabama"
104805,"North Johns, Alabama",Alabama,Stub,"https://en.wikipedia.org/wiki/North_Johns,_Alabama"
105166,"Northport, Alabama",Alabama,Start,"https://en.wikipedia.org/wiki/Northport,_Alabama"
104846,"Notasulga, Alabama",Alabama,Start,"https://en.wikipedia.org/wiki/Notasulga,_Alabama"
105148,"Oak Grove, Alabama",Alabama,Stub,"https://en.wikipedia.org/wiki/Oak_Grove,_Alabama"
105183,"Oak Hill, Alabama",Alabama,Start,"https://en.wikipedia.org/wiki/Oak_Hill,_Alabama"
105175,"Oakman, Alabama",Alabama,Stub,"https://en.wikipedia.org/wiki/Oakman,_Alabama"
105129,"Odenville, Alabama",Alabama,Stub,"https://en.wikipedia.org/wiki/Odenville,_Alabama"
103739,"Ohatchee, Alabama",Alabama,Stub,"https://en.wikipedia.org/wiki/Ohatchee,_Alabama"
101160,"Oneonta, Alabama",Alabama,Start,"https://en.wikipedia.org/wiki/Oneonta,_Alabama"
104604,"Onycha, Alabama",Alabama,Stub,"https://en.wikipedia.org/wiki/Onycha,_Alabama"
104847,"Opelika, Alabama",Alabama,Start,"https://en.wikipedia.org/wiki/Opelika,_Alabama"
104605,"Opp, Alabama",Alabama,B,"https://en.wikipedia.org/wiki/Opp,_Alabama"
99893,"Orange Beach, Alabama",Alabama,Stub,"https://en.wikipedia.org/wiki/Orange_Beach,_Alabama"
104657,"Orrville, Alabama",Alabama,Stub,"https://en.wikipedia.org/wiki/Orrville,_Alabama"
104878,"Owens Cross Roads, Alabama",Alabama,B,"https://en.wikipedia.org/wiki/Owens_Cross_Roads,_Alabama"
103740,"Oxford, Alabama",Alabama,Start,"https://en.wikipedia.org/wiki/Oxford,_Alabama"
104653,"Ozark, Alabama",Alabama,Stub,"https://en.wikipedia.org/wiki/Ozark,_Alabama"
104752,"Paint Rock, Alabama",Alabama,Start,"https://en.wikipedia.org/wiki/Paint_Rock,_Alabama"
105176,"Parrish, Alabama",Alabama,Stub,"https://en.wikipedia.org/wiki/Parrish,_Alabama"
105121,"Pelham, Alabama",Alabama,B,"https://en.wikipedia.org/wiki/Pelham,_Alabama"
105130,"Pell City, Alabama",Alabama,Stub,"https://en.wikipedia.org/wiki/Pell_City,_Alabama"
104565,"Pennington, Alabama",Alabama,Stub,"https://en.wikipedia.org/wiki/Pennington,_Alabama"
22517014,"Perdido Beach, Alabama",Alabama,B,"https://en.wikipedia.org/wiki/Perdido_Beach,_Alabama"
104614,"Petrey, Alabama",Alabama,Stub,"https://en.wikipedia.org/wiki/Petrey,_Alabama"
104848,"Phenix City, Alabama",Alabama,Start,"https://en.wikipedia.org/wiki/Phenix_City,_Alabama"
104708,"Phil Campbell, Alabama",Alabama,Stub,"https://en.wikipedia.org/wiki/Phil_Campbell,_Alabama"
105093,"Pickensville, Alabama",Alabama,Start,"https://en.wikipedia.org/wiki/Pickensville,_Alabama"
103741,"Piedmont, Alabama",Alabama,Start,"https://en.wikipedia.org/wiki/Piedmont,_Alabama"
104928,"Pike Road, Alabama",Alabama,B,"https://en.wikipedia.org/wiki/Pike_Road,_Alabama"
104654,"Pinckard, Alabama",Alabama,Stub,"https://en.wikipedia.org/wiki/Pinckard,_Alabama"
105184,"Pine Apple, Alabama",Alabama,Start,"https://en.wikipedia.org/wiki/Pine_Apple,_Alabama"
105186,"Pine Hill, Alabama",Alabama,Stub,"https://en.wikipedia.org/wiki/Pine_Hill,_Alabama"
104669,"Pine Ridge, Alabama",Alabama,Stub,"https://en.wikipedia.org/wiki/Pine_Ridge,_Alabama"
104806,"Pinson, Alabama",Alabama,Stub,"https://en.wikipedia.org/wiki/Pinson,_Alabama"
104753,"Pisgah, Alabama",Alabama,Stub,"https://en.wikipedia.org/wiki/Pisgah,_Alabama"
104807,"Pleasant Grove, Alabama",Alabama,Stub,"https://en.wikipedia.org/wiki/Pleasant_Grove,_Alabama"
104754,"Pleasant Groves, Alabama",Alabama,Stub,"https://en.wikipedia.org/wiki/Pleasant_Groves,_Alabama"
104686,"Pollard, Alabama",Alabama,Start,"https://en.wikipedia.org/wiki/Pollard,_Alabama"
104670,"Powell, Alabama",Alabama,Stub,"https://en.wikipedia.org/wiki/Powell,_Alabama"
99885,"Prattville, Alabama",Alabama,Start,"https://en.wikipedia.org/wiki/Prattville,_Alabama"
104918,"Prichard, Alabama",Alabama,Stub,"https://en.wikipedia.org/wiki/Prichard,_Alabama"
104888,"Providence, Alabama",Alabama,Start,"https://en.wikipedia.org/wiki/Providence,_Alabama"
105131,"Ragland, Alabama",Alabama,Stub,"https://en.wikipedia.org/wiki/Ragland,_Alabama"
104694,"Rainbow City, Alabama",Alabama,Start,"https://en.wikipedia.org/wiki/Rainbow_City,_Alabama"
104671,"Rainsville, Alabama",Alabama,Start,"https://en.wikipedia.org/wiki/Rainsville,_Alabama"
104579,"Ranburne, Alabama",Alabama,Stub,"https://en.wikipedia.org/wiki/Ranburne,_Alabama"
104709,"Red Bay, Alabama",Alabama,Stub,"https://en.wikipedia.org/wiki/Red_Bay,_Alabama"
104606,"Red Level, Alabama",Alabama,Stub,"https://en.wikipedia.org/wiki/Red_Level,_Alabama"
104695,"Reece City, Alabama",Alabama,Stub,"https://en.wikipedia.org/wiki/Reece_City,_Alabama"
105094,"Reform, Alabama",Alabama,Start,"https://en.wikipedia.org/wiki/Reform,_Alabama"
104742,"Rehobeth, Alabama",Alabama,Stub,"https://en.wikipedia.org/wiki/Rehobeth,_Alabama"
104592,"Repton, Alabama",Alabama,Stub,"https://en.wikipedia.org/wiki/Repton,_Alabama"
104696,"Ridgeville, Alabama",Alabama,Start,"https://en.wikipedia.org/wiki/Ridgeville,_Alabama"
104607,"River Falls, Alabama",Alabama,Start,"https://en.wikipedia.org/wiki/River_Falls,_Alabama"
105132,"Riverside, Alabama",Alabama,Stub,"https://en.wikipedia.org/wiki/Riverside,_Alabama"
104687,"Riverview, Alabama",Alabama,Start,"https://en.wikipedia.org/wiki/Riverview,_Alabama"
105101,"Roanoke, Alabama",Alabama,Stub,"https://en.wikipedia.org/wiki/Roanoke,_Alabama"
99895,"Robertsdale, Alabama",Alabama,Start,"https://en.wikipedia.org/wiki/Robertsdale,_Alabama"
104594,"Rockford, Alabama",Alabama,Start,"https://en.wikipedia.org/wiki/Rockford,_Alabama"
104833,"Rogersville, Alabama",Alabama,Stub,"https://en.wikipedia.org/wiki/Rogersville,_Alabama"
101161,"Rosa, Alabama",Alabama,B,"https://en.wikipedia.org/wiki/Rosa,_Alabama"
104710,"Russellville, Alabama",Alabama,Start,"https://en.wikipedia.org/wiki/Russellville,_Alabama"
104616,"Rutledge, Alabama",Alabama,Start,"https://en.wikipedia.org/wiki/Rutledge,_Alabama"
104719,"St. Florian, Alabama",Alabama,Stub,"https://en.wikipedia.org/wiki/St._Florian,_Alabama"
104555,"Samson, Alabama",Alabama,Start,"https://en.wikipedia.org/wiki/Samson,_Alabama"
104608,"Sand Rock, Alabama",Alabama,Stub,"https://en.wikipedia.org/wiki/Sand_Rock,_Alabama"
104919,"Sanford, Alabama",Alabama,Start,"https://en.wikipedia.org/wiki/Sanford,_Alabama"
104698,"Saraland, Alabama",Alabama,Start,"https://en.wikipedia.org/wiki/Saraland,_Alabama"
104920,"Sardis City, Alabama",Alabama,Start,"https://en.wikipedia.org/wiki/Sardis_City,_Alabama"
104755,"Satsuma, Alabama",Alabama,Stub,"https://en.wikipedia.org/wiki/Satsuma,_Alabama"
104756,"Scottsboro, Alabama",Alabama,Stub,"https://en.wikipedia.org/wiki/Scottsboro,_Alabama"
100580,"Section, Alabama",Alabama,Stub,"https://en.wikipedia.org/wiki/Section,_Alabama"
104588,"Selma, Alabama",Alabama,Stub,"https://en.wikipedia.org/wiki/Selma,_Alabama"
104672,"Sheffield, Alabama",Alabama,Stub,"https://en.wikipedia.org/wiki/Sheffield,_Alabama"
104868,"Shiloh, DeKalb County, Alabama",Alabama,Stub,"https://en.wikipedia.org/wiki/Shiloh,_DeKalb_County,_Alabama"
104566,"Shorter, Alabama",Alabama,Stub,"https://en.wikipedia.org/wiki/Shorter,_Alabama"
99896,"Silas, Alabama",Alabama,Stub,"https://en.wikipedia.org/wiki/Silas,_Alabama"
105177,"Silverhill, Alabama",Alabama,Start,"https://en.wikipedia.org/wiki/Silverhill,_Alabama"
104757,"Sipsey, Alabama",Alabama,Start,"https://en.wikipedia.org/wiki/Sipsey,_Alabama"
104720,"Skyline, Alabama",Alabama,Start,"https://en.wikipedia.org/wiki/Skyline,_Alabama"
104849,"Slocomb, Alabama",Alabama,Start,"https://en.wikipedia.org/wiki/Slocomb,_Alabama"
101163,"Smiths Station, Alabama",Alabama,Stub,"https://en.wikipedia.org/wiki/Smiths_Station,_Alabama"
104628,"Somerville, Alabama",Alabama,Stub,"https://en.wikipedia.org/wiki/Somerville,_Alabama"
103743,"South Vinemont, Alabama",Alabama,Start,"https://en.wikipedia.org/wiki/South_Vinemont,_Alabama"
99897,"Southside, Alabama",Alabama,B,"https://en.wikipedia.org/wiki/Southside,_Alabama"
105133,"Spanish Fort, Alabama",Alabama,Start,"https://en.wikipedia.org/wiki/Spanish_Fort,_Alabama"
104835,"Springville, Alabama",Alabama,Start,"https://en.wikipedia.org/wiki/Springville,_Alabama"
105134,"Steele, Alabama",Alabama,Start,"https://en.wikipedia.org/wiki/Steele,_Alabama"
104759,"Stevenson, Alabama",Alabama,Start,"https://en.wikipedia.org/wiki/Stevenson,_Alabama"
104826,"Sulligent, Alabama",Alabama,Stub,"https://en.wikipedia.org/wiki/Sulligent,_Alabama"
104811,"Sumiton, Alabama",Alabama,Stub,"https://en.wikipedia.org/wiki/Sumiton,_Alabama"
99898,"Summerdale, Alabama",Alabama,Stub,"https://en.wikipedia.org/wiki/Summerdale,_Alabama"
101164,"Susan Moore, Alabama",Alabama,Start,"https://en.wikipedia.org/wiki/Susan_Moore,_Alabama"
104891,"Sweet Water, Alabama",Alabama,Stub,"https://en.wikipedia.org/wiki/Sweet_Water,_Alabama"
105149,"Sylacauga, Alabama",Alabama,Stub,"https://en.wikipedia.org/wiki/Sylacauga,_Alabama"
104812,"Sylvan Springs, Alabama",Alabama,Stub,"https://en.wikipedia.org/wiki/Sylvan_Springs,_Alabama"
104673,"Sylvania, Alabama",Alabama,Stub,"https://en.wikipedia.org/wiki/Sylvania,_Alabama"
105150,"Talladega Springs, Alabama",Alabama,Stub,"https://en.wikipedia.org/wiki/Talladega_Springs,_Alabama"
105151,"Talladega, Alabama",Alabama,Stub,"https://en.wikipedia.org/wiki/Talladega,_Alabama"
104721,"Taylor, Alabama",Alabama,Stub,"https://en.wikipedia.org/wiki/Taylor,_Alabama"
104573,"Thomasville, Alabama",Alabama,Start,"https://en.wikipedia.org/wiki/Thomasville,_Alabama"
104560,"Thorsby, Alabama",Alabama,Stub,"https://en.wikipedia.org/wiki/Thorsby,_Alabama"
104843,"Town Creek, Alabama",Alabama,Stub,"https://en.wikipedia.org/wiki/Town_Creek,_Alabama"
104567,"Toxey, Alabama",Alabama,Stub,"https://en.wikipedia.org/wiki/Toxey,_Alabama"
104815,"Trafford, Alabama",Alabama,Stub,"https://en.wikipedia.org/wiki/Trafford,_Alabama"
104881,"Triana, Alabama",Alabama,Start,"https://en.wikipedia.org/wiki/Triana,_Alabama"
105083,"Trinity, Alabama",Alabama,Stub,"https://en.wikipedia.org/wiki/Trinity,_Alabama"
105100,"Troy, Alabama",Alabama,Start,"https://en.wikipedia.org/wiki/Troy,_Alabama"
104816,"Trussville, Alabama",Alabama,Start,"https://en.wikipedia.org/wiki/Trussville,_Alabama"
105167,"Tuscaloosa, Alabama",Alabama,Start,"https://en.wikipedia.org/wiki/Tuscaloosa,_Alabama"
104589,"Tuscumbia, Alabama",Alabama,Stub,"https://en.wikipedia.org/wiki/Tuscumbia,_Alabama"
104869,"Tuskegee, Alabama",Alabama,Stub,"https://en.wikipedia.org/wiki/Tuskegee,_Alabama"
14940151,"Twin, Alabama",Alabama,Stub,"https://en.wikipedia.org/wiki/Twin,_Alabama"
104725,"Union Grove, Alabama",Alabama,Stub,"https://en.wikipedia.org/wiki/Union_Grove,_Alabama"
104903,"Union Springs, Alabama",Alabama,Stub,"https://en.wikipedia.org/wiki/Union_Springs,_Alabama"
101167,"Union, Alabama",Alabama,Stub,"https://en.wikipedia.org/wiki/Union,_Alabama"
105085,"Uniontown, Alabama",Alabama,Stub,"https://en.wikipedia.org/wiki/Uniontown,_Alabama"
104548,"Valley, Alabama",Alabama,Start,"https://en.wikipedia.org/wiki/Valley,_Alabama"
1857459,"Valley Grande, Alabama",Alabama,Stub,"https://en.wikipedia.org/wiki/Valley_Grande,_Alabama"
104674,"Valley Head, Alabama",Alabama,Stub,"https://en.wikipedia.org/wiki/Valley_Head,_Alabama"
100808,"Vance, Alabama",Alabama,Start,"https://en.wikipedia.org/wiki/Vance,_Alabama"
104827,"Vernon, Alabama",Alabama,Start,"https://en.wikipedia.org/wiki/Vernon,_Alabama"
104818,"Vestavia Hills, Alabama",Alabama,Stub,"https://en.wikipedia.org/wiki/Vestavia_Hills,_Alabama"
104711,"Vina, Alabama",Alabama,Stub,"https://en.wikipedia.org/wiki/Vina,_Alabama"
105122,"Vincent, Alabama",Alabama,Stub,"https://en.wikipedia.org/wiki/Vincent,_Alabama"
104927,"Vredenburgh, Alabama",Alabama,Stub,"https://en.wikipedia.org/wiki/Vredenburgh,_Alabama"
105103,"Wadley, Alabama",Alabama,Stub,"https://en.wikipedia.org/wiki/Wadley,_Alabama"
105152,"Waldo, Alabama",Alabama,Start,"https://en.wikipedia.org/wiki/Waldo,_Alabama"
104699,"Walnut Grove, Alabama",Alabama,Stub,"https://en.wikipedia.org/wiki/Walnut_Grove,_Alabama"
101165,"Warrior, Alabama",Alabama,Start,"https://en.wikipedia.org/wiki/Warrior,_Alabama"
104838,"Waterloo, Alabama",Alabama,Stub,"https://en.wikipedia.org/wiki/Waterloo,_Alabama"
106419,"Waverly, Alabama",Alabama,Start,"https://en.wikipedia.org/wiki/Waverly,_Alabama"
103744,"Weaver, Alabama",Alabama,Stub,"https://en.wikipedia.org/wiki/Weaver,_Alabama"
104744,"Webb, Alabama",Alabama,Stub,"https://en.wikipedia.org/wiki/Webb,_Alabama"
105104,"Wedowee, Alabama",Alabama,Stub,"https://en.wikipedia.org/wiki/Wedowee,_Alabama"
100810,"West Blocton, Alabama",Alabama,Stub,"https://en.wikipedia.org/wiki/West_Blocton,_Alabama"
104819,"West Jefferson, Alabama",Alabama,Stub,"https://en.wikipedia.org/wiki/West_Jefferson,_Alabama"
104629,"West Point, Alabama",Alabama,Stub,"https://en.wikipedia.org/wiki/West_Point,_Alabama"
105207,"Westover, Alabama",Alabama,Stub,"https://en.wikipedia.org/wiki/Westover,_Alabama"
105500,"Wetumpka, Alabama",Alabama,Stub,"https://en.wikipedia.org/wiki/Wetumpka,_Alabama"
105216,"White Hall, Alabama",Alabama,Start,"https://en.wikipedia.org/wiki/White_Hall,_Alabama"
105201,"Wilsonville, Alabama",Alabama,Start,"https://en.wikipedia.org/wiki/Wilsonville,_Alabama"
105296,"Winfield, Alabama",Alabama,Start,"https://en.wikipedia.org/wiki/Winfield,_Alabama"
105724,"Woodland, Alabama",Alabama,Start,"https://en.wikipedia.org/wiki/Woodland,_Alabama"
105588,"Woodstock, Alabama",Alabama,Stub,"https://en.wikipedia.org/wiki/Woodstock,_Alabama"
105578,"Woodville, Alabama",Alabama,Start,"https://en.wikipedia.org/wiki/Woodville,_Alabama"
7004698,"Yellow Bluff, Alabama",Alabama,B,"https://en.wikipedia.org/wiki/Yellow_Bluff,_Alabama"
105290,"York, Alabama",Alabama,Stub,"https://en.wikipedia.org/wiki/York,_Alabama"
105615,"Adak, Alaska",Alaska,Stub,"https://en.wikipedia.org/wiki/Adak,_Alaska"
105234,"Akhiok, Alaska",Alaska,Start,"https://en.wikipedia.org/wiki/Akhiok,_Alaska"
105725,"Akiak, Alaska",Alaska,Start,"https://en.wikipedia.org/wiki/Akiak,_Alaska"
105208,"Akutan, Alaska",Alaska,Stub,"https://en.wikipedia.org/wiki/Akutan,_Alaska"
105579,"Alakanuk, Alaska",Alaska,B,"https://en.wikipedia.org/wiki/Alakanuk,_Alaska"
105236,"Aleknagik, Alaska",Alaska,Stub,"https://en.wikipedia.org/wiki/Aleknagik,_Alaska"
105728,"Allakaket, Alaska",Alaska,Stub,"https://en.wikipedia.org/wiki/Allakaket,_Alaska"
105560,"Ambler, Alaska",Alaska,Stub,"https://en.wikipedia.org/wiki/Ambler,_Alaska"
105589,"Anaktuvuk Pass, Alaska",Alaska,Stub,"https://en.wikipedia.org/wiki/Anaktuvuk_Pass,_Alaska"
105240,"Anchorage, Alaska",Alaska,Start,"https://en.wikipedia.org/wiki/Anchorage,_Alaska"
105701,"Anderson, Alaska",Alaska,Stub,"https://en.wikipedia.org/wiki/Anderson,_Alaska"
105513,"Angoon, Alaska",Alaska,Start,"https://en.wikipedia.org/wiki/Angoon,_Alaska"
105243,"Aniak, Alaska",Alaska,Stub,"https://en.wikipedia.org/wiki/Aniak,_Alaska"
105297,"Anvik, Alaska",Alaska,Stub,"https://en.wikipedia.org/wiki/Anvik,_Alaska"
105600,"Atka, Alaska",Alaska,Stub,"https://en.wikipedia.org/wiki/Atka,_Alaska"
105202,"Atqasuk, Alaska",Alaska,Start,"https://en.wikipedia.org/wiki/Atqasuk,_Alaska"
105677,"Bethel, Alaska",Alaska,Stub,"https://en.wikipedia.org/wiki/Bethel,_Alaska"
105601,"Bettles, Alaska",Alaska,Stub,"https://en.wikipedia.org/wiki/Bettles,_Alaska"
105590,"Brevig Mission, Alaska",Alaska,Start,"https://en.wikipedia.org/wiki/Brevig_Mission,_Alaska"
105635,"Buckland, Alaska",Alaska,Start,"https://en.wikipedia.org/wiki/Buckland,_Alaska"
105299,"Chefornak, Alaska",Alaska,Start,"https://en.wikipedia.org/wiki/Chefornak,_Alaska"
105561,"Chevak, Alaska",Alaska,Stub,"https://en.wikipedia.org/wiki/Chevak,_Alaska"
105640,"Chignik, Alaska",Alaska,Stub,"https://en.wikipedia.org/wiki/Chignik,_Alaska"
105602,"Chuathbaluk, Alaska",Alaska,Start,"https://en.wikipedia.org/wiki/Chuathbaluk,_Alaska"
105245,"Clark's Point, Alaska",Alaska,Start,"https://en.wikipedia.org/wiki/Clark's_Point,_Alaska"
105516,"Coffman Cove, Alaska",Alaska,B,"https://en.wikipedia.org/wiki/Coffman_Cove,_Alaska"
105300,"Cold Bay, Alaska",Alaska,Stub,"https://en.wikipedia.org/wiki/Cold_Bay,_Alaska"
105562,"Cordova, Alaska",Alaska,Stub,"https://en.wikipedia.org/wiki/Cordova,_Alaska"
18999999,"Craig, Alaska",Alaska,Stub,"https://en.wikipedia.org/wiki/Craig,_Alaska"
104681,"Deering, Alaska",Alaska,Stub,"https://en.wikipedia.org/wiki/Deering,_Alaska"
104866,"Delta Junction, Alaska",Alaska,Start,"https://en.wikipedia.org/wiki/Delta_Junction,_Alaska"
105123,"Dillingham, Alaska",Alaska,Stub,"https://en.wikipedia.org/wiki/Dillingham,_Alaska"
105124,"Diomede, Alaska",Alaska,Start,"https://en.wikipedia.org/wiki/Diomede,_Alaska"
104706,"Eagle, Alaska",Alaska,Stub,"https://en.wikipedia.org/wiki/Eagle,_Alaska"
105105,"Edna Bay, Alaska",Alaska,Stub,"https://en.wikipedia.org/wiki/Edna_Bay,_Alaska"
18770037,"Eek, Alaska",Alaska,B,"https://en.wikipedia.org/wiki/Eek,_Alaska"
104760,"Egegik, Alaska",Alaska,Stub,"https://en.wikipedia.org/wiki/Egegik,_Alaska"
105187,"Ekwok, Alaska",Alaska,Start,"https://en.wikipedia.org/wiki/Ekwok,_Alaska"
105141,"Elim, Alaska",Alaska,Stub,"https://en.wikipedia.org/wiki/Elim,_Alaska"
105702,"Emmonak, Alaska",Alaska,Stub,"https://en.wikipedia.org/wiki/Emmonak,_Alaska"
105445,"Fairbanks, Alaska",Alaska,Stub,"https://en.wikipedia.org/wiki/Fairbanks,_Alaska"
105203,"False Pass, Alaska",Alaska,B,"https://en.wikipedia.org/wiki/False_Pass,_Alaska"
105736,"Fort Yukon, Alaska",Alaska,Start,"https://en.wikipedia.org/wiki/Fort_Yukon,_Alaska"
105738,"Galena, Alaska",Alaska,Stub,"https://en.wikipedia.org/wiki/Galena,_Alaska"
105563,"Gambell, Alaska",Alaska,Stub,"https://en.wikipedia.org/wiki/Gambell,_Alaska"
105564,"Golovin, Alaska",Alaska,Start,"https://en.wikipedia.org/wiki/Golovin,_Alaska"
105246,"Goodnews Bay, Alaska",Alaska,Stub,"https://en.wikipedia.org/wiki/Goodnews_Bay,_Alaska"
105739,"Grayling, Alaska",Alaska,Stub,"https://en.wikipedia.org/wiki/Grayling,_Alaska"
105624,"Gustavus, Alaska",Alaska,Stub,"https://en.wikipedia.org/wiki/Gustavus,_Alaska"
105740,"Holy Cross, Alaska",Alaska,Start,"https://en.wikipedia.org/wiki/Holy_Cross,_Alaska"
105472,"Homer, Alaska",Alaska,Stub,"https://en.wikipedia.org/wiki/Homer,_Alaska"
105626,"Hoonah, Alaska",Alaska,Start,"https://en.wikipedia.org/wiki/Hoonah,_Alaska"
105703,"Hooper Bay, Alaska",Alaska,Stub,"https://en.wikipedia.org/wiki/Hooper_Bay,_Alaska"
105540,"Houston, Alaska",Alaska,Start,"https://en.wikipedia.org/wiki/Houston,_Alaska"
105741,"Hughes, Alaska",Alaska,B,"https://en.wikipedia.org/wiki/Hughes,_Alaska"
105742,"Huslia, Alaska",Alaska,Start,"https://en.wikipedia.org/wiki/Huslia,_Alaska"
105604,"Hydaburg, Alaska",Alaska,Start,"https://en.wikipedia.org/wiki/Hydaburg,_Alaska"
105474,"Kachemak, Alaska",Alaska,Start,"https://en.wikipedia.org/wiki/Kachemak,_Alaska"
105717,"Kake, Alaska",Alaska,Stub,"https://en.wikipedia.org/wiki/Kake,_Alaska"
105581,"Kaktovik, Alaska",Alaska,Stub,"https://en.wikipedia.org/wiki/Kaktovik,_Alaska"
105743,"Kaltag, Alaska",Alaska,Start,"https://en.wikipedia.org/wiki/Kaltag,_Alaska"
105606,"Kasaan, Alaska",Alaska,Start,"https://en.wikipedia.org/wiki/Kasaan,_Alaska"
105477,"Kenai, Alaska",Alaska,Stub,"https://en.wikipedia.org/wiki/Kenai,_Alaska"
105496,"Ketchikan, Alaska",Alaska,Stub,"https://en.wikipedia.org/wiki/Ketchikan,_Alaska"
105591,"Kiana, Alaska",Alaska,Stub,"https://en.wikipedia.org/wiki/Kiana,_Alaska"
105204,"King Cove, Alaska",Alaska,Stub,"https://en.wikipedia.org/wiki/King_Cove,_Alaska"
105592,"Kivalina, Alaska",Alaska,Start,"https://en.wikipedia.org/wiki/Kivalina,_Alaska"
105607,"Klawock, Alaska",Alaska,B,"https://en.wikipedia.org/wiki/Klawock,_Alaska"
105593,"Kobuk, Alaska",Alaska,Stub,"https://en.wikipedia.org/wiki/Kobuk,_Alaska"
105505,"Kodiak, Alaska",Alaska,Stub,"https://en.wikipedia.org/wiki/Kodiak,_Alaska"
105704,"Kotlik, Alaska",Alaska,Start,"https://en.wikipedia.org/wiki/Kotlik,_Alaska"
105594,"Kotzebue, Alaska",Alaska,Stub,"https://en.wikipedia.org/wiki/Kotzebue,_Alaska"
105565,"Koyuk, Alaska",Alaska,Start,"https://en.wikipedia.org/wiki/Koyuk,_Alaska"
105744,"Koyukuk, Alaska",Alaska,Start,"https://en.wikipedia.org/wiki/Koyukuk,_Alaska"
105718,"Kupreanof, Alaska",Alaska,Start,"https://en.wikipedia.org/wiki/Kupreanof,_Alaska"
105263,"Kwethluk, Alaska",Alaska,Start,"https://en.wikipedia.org/wiki/Kwethluk,_Alaska"
105507,"Larsen Bay, Alaska",Alaska,Stub,"https://en.wikipedia.org/wiki/Larsen_Bay,_Alaska"
105267,"Lower Kalskag, Alaska",Alaska,Stub,"https://en.wikipedia.org/wiki/Lower_Kalskag,_Alaska"
105705,"Marshall, Alaska",Alaska,Stub,"https://en.wikipedia.org/wiki/Marshall,_Alaska"
105748,"McGrath, Alaska",Alaska,Stub,"https://en.wikipedia.org/wiki/McGrath,_Alaska"
105268,"Mekoryuk, Alaska",Alaska,Stub,"https://en.wikipedia.org/wiki/Mekoryuk,_Alaska"
105710,"Mountain Village, Alaska",Alaska,Stub,"https://en.wikipedia.org/wiki/Mountain_Village,_Alaska"
105269,"Napakiak, Alaska",Alaska,Start,"https://en.wikipedia.org/wiki/Napakiak,_Alaska"
105271,"Napaskiak, Alaska",Alaska,Start,"https://en.wikipedia.org/wiki/Napaskiak,_Alaska"
105751,"Nenana, Alaska",Alaska,Start,"https://en.wikipedia.org/wiki/Nenana,_Alaska"
105303,"New Stuyahok, Alaska",Alaska,Stub,"https://en.wikipedia.org/wiki/New_Stuyahok,_Alaska"
105522,"Newhalen, Alaska",Alaska,Stub,"https://en.wikipedia.org/wiki/Newhalen,_Alaska"
105273,"Nightmute, Alaska",Alaska,Start,"https://en.wikipedia.org/wiki/Nightmute,_Alaska"
105753,"Nikolai, Alaska",Alaska,Stub,"https://en.wikipedia.org/wiki/Nikolai,_Alaska"
105566,"Nome, Alaska",Alaska,Stub,"https://en.wikipedia.org/wiki/Nome,_Alaska"
105523,"Nondalton, Alaska",Alaska,Stub,"https://en.wikipedia.org/wiki/Nondalton,_Alaska"
105596,"Noorvik, Alaska",Alaska,Start,"https://en.wikipedia.org/wiki/Noorvik,_Alaska"
105449,"North Pole, Alaska",Alaska,Stub,"https://en.wikipedia.org/wiki/North_Pole,_Alaska"
105582,"Nuiqsut, Alaska",Alaska,Stub,"https://en.wikipedia.org/wiki/Nuiqsut,_Alaska"
105755,"Nulato, Alaska",Alaska,Stub,"https://en.wikipedia.org/wiki/Nulato,_Alaska"
105715,"Nunam Iqua, Alaska",Alaska,Stub,"https://en.wikipedia.org/wiki/Nunam_Iqua,_Alaska"
105274,"Nunapitchuk, Alaska",Alaska,Start,"https://en.wikipedia.org/wiki/Nunapitchuk,_Alaska"
105508,"Old Harbor, Alaska",Alaska,Stub,"https://en.wikipedia.org/wiki/Old_Harbor,_Alaska"
105509,"Ouzinkie, Alaska",Alaska,Stub,"https://en.wikipedia.org/wiki/Ouzinkie,_Alaska"
105547,"Palmer, Alaska",Alaska,Stub,"https://en.wikipedia.org/wiki/Palmer,_Alaska"
105526,"Pilot Point, Alaska",Alaska,Stub,"https://en.wikipedia.org/wiki/Pilot_Point,_Alaska"
105711,"Pilot Station, Alaska",Alaska,Stub,"https://en.wikipedia.org/wiki/Pilot_Station,_Alaska"
105277,"Platinum, Alaska",Alaska,Start,"https://en.wikipedia.org/wiki/Platinum,_Alaska"
105583,"Point Hope, Alaska",Alaska,Stub,"https://en.wikipedia.org/wiki/Point_Hope,_Alaska"
105720,"Port Alexander, Alaska",Alaska,Stub,"https://en.wikipedia.org/wiki/Port_Alexander,_Alaska"
105529,"Port Heiden, Alaska",Alaska,Stub,"https://en.wikipedia.org/wiki/Port_Heiden,_Alaska"
105510,"Port Lions, Alaska",Alaska,Stub,"https://en.wikipedia.org/wiki/Port_Lions,_Alaska"
105757,"Ruby, Alaska",Alaska,Stub,"https://en.wikipedia.org/wiki/Ruby,_Alaska"
105713,"Russian Mission, Alaska",Alaska,Start,"https://en.wikipedia.org/wiki/Russian_Mission,_Alaska"
155219,"Saint Paul, Alaska",Alaska,Start,"https://en.wikipedia.org/wiki/Saint_Paul,_Alaska"
105206,"Sand Point, Alaska",Alaska,Start,"https://en.wikipedia.org/wiki/Sand_Point,_Alaska"
105568,"Savoonga, Alaska",Alaska,Stub,"https://en.wikipedia.org/wiki/Savoonga,_Alaska"
105497,"Saxman, Alaska",Alaska,B,"https://en.wikipedia.org/wiki/Saxman,_Alaska"
105714,"Scammon Bay, Alaska",Alaska,Stub,"https://en.wikipedia.org/wiki/Scammon_Bay,_Alaska"
105598,"Selawik, Alaska",Alaska,Start,"https://en.wikipedia.org/wiki/Selawik,_Alaska"
105489,"Seldovia, Alaska",Alaska,Stub,"https://en.wikipedia.org/wiki/Seldovia,_Alaska"
105491,"Seward, Alaska",Alaska,Stub,"https://en.wikipedia.org/wiki/Seward,_Alaska"
105758,"Shageluk, Alaska",Alaska,Stub,"https://en.wikipedia.org/wiki/Shageluk,_Alaska"
105569,"Shaktoolik, Alaska",Alaska,Start,"https://en.wikipedia.org/wiki/Shaktoolik,_Alaska"
105570,"Shishmaref, Alaska",Alaska,Start,"https://en.wikipedia.org/wiki/Shishmaref,_Alaska"
87486,"Sitka, Alaska",Alaska,Stub,"https://en.wikipedia.org/wiki/Sitka,_Alaska"
105492,"Soldotna, Alaska",Alaska,Start,"https://en.wikipedia.org/wiki/Soldotna,_Alaska"
105716,"St. Mary's, Alaska",Alaska,Stub,"https://en.wikipedia.org/wiki/St._Mary's,_Alaska"
105571,"St. Michael, Alaska",Alaska,Stub,"https://en.wikipedia.org/wiki/St._Michael,_Alaska"
105572,"Stebbins, Alaska",Alaska,Start,"https://en.wikipedia.org/wiki/Stebbins,_Alaska"
105762,"Tanana, Alaska",Alaska,Start,"https://en.wikipedia.org/wiki/Tanana,_Alaska"
105573,"Teller, Alaska",Alaska,Stub,"https://en.wikipedia.org/wiki/Teller,_Alaska"
105630,"Tenakee Springs, Alaska",Alaska,Stub,"https://en.wikipedia.org/wiki/Tenakee_Springs,_Alaska"
105613,"Thorne Bay, Alaska",Alaska,Stub,"https://en.wikipedia.org/wiki/Thorne_Bay,_Alaska"
105305,"Togiak, Alaska",Alaska,Stub,"https://en.wikipedia.org/wiki/Togiak,_Alaska"
105574,"Unalakleet, Alaska",Alaska,Stub,"https://en.wikipedia.org/wiki/Unalakleet,_Alaska"
105213,"Unalaska, Alaska",Alaska,Start,"https://en.wikipedia.org/wiki/Unalaska,_Alaska"
106639,"Upper Kalskag, Alaska",Alaska,Stub,"https://en.wikipedia.org/wiki/Upper_Kalskag,_Alaska"
106640,Utqiavik,Alaska,Stub,https://en.wikipedia.org/wiki/Utqiavik
106573,"Valdez, Alaska",Alaska,Stub,"https://en.wikipedia.org/wiki/Valdez,_Alaska"
106574,"Wainwright, Alaska",Alaska,Stub,"https://en.wikipedia.org/wiki/Wainwright,_Alaska"
106641,"Wales, Alaska",Alaska,Stub,"https://en.wikipedia.org/wiki/Wales,_Alaska"
106669,"Wasilla, Alaska",Alaska,Stub,"https://en.wikipedia.org/wiki/Wasilla,_Alaska"
106780,"Whale Pass, Alaska",Alaska,Stub,"https://en.wikipedia.org/wiki/Whale_Pass,_Alaska"
106642,"White Mountain, Alaska",Alaska,Start,"https://en.wikipedia.org/wiki/White_Mountain,_Alaska"
106746,"Whittier, Alaska",Alaska,Stub,"https://en.wikipedia.org/wiki/Whittier,_Alaska"
106643,"Wrangell, Alaska",Alaska,Stub,"https://en.wikipedia.org/wiki/Wrangell,_Alaska"
106644,"Apache Junction, Arizona",Arizona,Start,"https://en.wikipedia.org/wiki/Apache_Junction,_Arizona"
106781,"Avondale, Arizona",Arizona,Stub,"https://en.wikipedia.org/wiki/Avondale,_Arizona"
106782,"Benson, Arizona",Arizona,Stub,"https://en.wikipedia.org/wiki/Benson,_Arizona"
106626,"Bisbee, Arizona",Arizona,Stub,"https://en.wikipedia.org/wiki/Bisbee,_Arizona"
106670,"Buckeye, Arizona",Arizona,Start,"https://en.wikipedia.org/wiki/Buckeye,_Arizona"
106749,"Bullhead City, Arizona",Arizona,Start,"https://en.wikipedia.org/wiki/Bullhead_City,_Arizona"
106786,"Camp Verde, Arizona",Arizona,Stub,"https://en.wikipedia.org/wiki/Camp_Verde,_Arizona"
59477965,"Carefree, Arizona",Arizona,B,"https://en.wikipedia.org/wiki/Carefree,_Arizona"
106575,"Casa Grande, Arizona",Arizona,Stub,"https://en.wikipedia.org/wiki/Casa_Grande,_Arizona"
106627,"Cave Creek, Arizona",Arizona,Stub,"https://en.wikipedia.org/wiki/Cave_Creek,_Arizona"
105936,"Chandler, Arizona",Arizona,Start,"https://en.wikipedia.org/wiki/Chandler,_Arizona"
106645,"Chino Valley, Arizona",Arizona,Start,"https://en.wikipedia.org/wiki/Chino_Valley,_Arizona"
106751,"Clarkdale, Arizona",Arizona,Start,"https://en.wikipedia.org/wiki/Clarkdale,_Arizona"
57554,"Clifton, Arizona",Arizona,Stub,"https://en.wikipedia.org/wiki/Clifton,_Arizona"
106752,"Colorado City, Arizona",Arizona,Stub,"https://en.wikipedia.org/wiki/Colorado_City,_Arizona"
106646,"Coolidge, Arizona",Arizona,Stub,"https://en.wikipedia.org/wiki/Coolidge,_Arizona"
106587,"Cottonwood, Arizona",Arizona,Stub,"https://en.wikipedia.org/wiki/Cottonwood,_Arizona"
106647,"Dewey-Humboldt, Arizona",Arizona,Stub,"https://en.wikipedia.org/wiki/Dewey-Humboldt,_Arizona"
106648,"Douglas, Arizona",Arizona,Start,"https://en.wikipedia.org/wiki/Douglas,_Arizona"
106649,"Duncan, Arizona",Arizona,Stub,"https://en.wikipedia.org/wiki/Duncan,_Arizona"
106609,"Eagar, Arizona",Arizona,Stub,"https://en.wikipedia.org/wiki/Eagar,_Arizona"
106650,"El Mirage, Arizona",Arizona,Stub,"https://en.wikipedia.org/wiki/El_Mirage,_Arizona"
106651,"Eloy, Arizona",Arizona,Stub,"https://en.wikipedia.org/wiki/Eloy,_Arizona"
106610,"Flagstaff, Arizona",Arizona,Stub,"https://en.wikipedia.org/wiki/Flagstaff,_Arizona"
106689,"Florence, Arizona",Arizona,Stub,"https://en.wikipedia.org/wiki/Florence,_Arizona"
106576,"Fountain Hills, Arizona",Arizona,Start,"https://en.wikipedia.org/wiki/Fountain_Hills,_Arizona"
106788,"Fredonia, Arizona",Arizona,Stub,"https://en.wikipedia.org/wiki/Fredonia,_Arizona"
106755,"Gila Bend, Arizona",Arizona,Stub,"https://en.wikipedia.org/wiki/Gila_Bend,_Arizona"
106674,"Gilbert, Arizona",Arizona,Stub,"https://en.wikipedia.org/wiki/Gilbert,_Arizona"
106675,"Glendale, Arizona",Arizona,Stub,"https://en.wikipedia.org/wiki/Glendale,_Arizona"
105286,"Globe, Arizona",Arizona,Stub,"https://en.wikipedia.org/wiki/Globe,_Arizona"
54359699,"Goodyear, Arizona",Arizona,B,"https://en.wikipedia.org/wiki/Goodyear,_Arizona"
105697,"Guadalupe, Arizona",Arizona,Start,"https://en.wikipedia.org/wiki/Guadalupe,_Arizona"
105586,"Hayden, Arizona",Arizona,Start,"https://en.wikipedia.org/wiki/Hayden,_Arizona"
105575,"Holbrook, Arizona",Arizona,Start,"https://en.wikipedia.org/wiki/Holbrook,_Arizona"
19420881,"Huachuca City, Arizona",Arizona,Start,"https://en.wikipedia.org/wiki/Huachuca_City,_Arizona"
105614,"Jerome, Arizona",Arizona,Stub,"https://en.wikipedia.org/wiki/Jerome,_Arizona"
105576,"Kearny, Arizona",Arizona,Start,"https://en.wikipedia.org/wiki/Kearny,_Arizona"
105698,"Kingman, Arizona",Arizona,Stub,"https://en.wikipedia.org/wiki/Kingman,_Arizona"
105722,"Lake Havasu City, Arizona",Arizona,Start,"https://en.wikipedia.org/wiki/Lake_Havasu_City,_Arizona"
106652,"Litchfield Park, Arizona",Arizona,Stub,"https://en.wikipedia.org/wiki/Litchfield_Park,_Arizona"
106756,"Mammoth, Arizona",Arizona,Stub,"https://en.wikipedia.org/wiki/Mammoth,_Arizona"
106757,"Maricopa, Arizona",Arizona,B,"https://en.wikipedia.org/wiki/Maricopa,_Arizona"
106653,"Mesa, Arizona",Arizona,Stub,"https://en.wikipedia.org/wiki/Mesa,_Arizona"
106611,"Miami, Arizona",Arizona,Stub,"https://en.wikipedia.org/wiki/Miami,_Arizona"
106767,"Nogales, Arizona",Arizona,Start,"https://en.wikipedia.org/wiki/Nogales,_Arizona"
106718,"Oro Valley, Arizona",Arizona,Start,"https://en.wikipedia.org/wiki/Oro_Valley,_Arizona"
106597,"Page, Arizona",Arizona,Stub,"https://en.wikipedia.org/wiki/Page,_Arizona"
106655,"Paradise Valley, Arizona",Arizona,Stub,"https://en.wikipedia.org/wiki/Paradise_Valley,_Arizona"
106633,"Parker, Arizona",Arizona,Stub,"https://en.wikipedia.org/wiki/Parker,_Arizona"
106768,"Patagonia, Arizona",Arizona,Stub,"https://en.wikipedia.org/wiki/Patagonia,_Arizona"
106612,"Payson, Arizona",Arizona,Stub,"https://en.wikipedia.org/wiki/Payson,_Arizona"
106656,"Peoria, Arizona",Arizona,Stub,"https://en.wikipedia.org/wiki/Peoria,_Arizona"
49121,"Phoenix, Arizona",Arizona,Start,"https://en.wikipedia.org/wiki/Phoenix,_Arizona"
106622,"Pima, Arizona",Arizona,Stub,"https://en.wikipedia.org/wiki/Pima,_Arizona"
106696,"Pinetop-Lakeside, Arizona",Arizona,Stub,"https://en.wikipedia.org/wiki/Pinetop-Lakeside,_Arizona"
106793,"Prescott, Arizona",Arizona,Stub,"https://en.wikipedia.org/wiki/Prescott,_Arizona"
106794,"Prescott Valley, Arizona",Arizona,Stub,"https://en.wikipedia.org/wiki/Prescott_Valley,_Arizona"
106636,"Quartzsite, Arizona",Arizona,Stub,"https://en.wikipedia.org/wiki/Quartzsite,_Arizona"
106657,"Queen Creek, Arizona",Arizona,Stub,"https://en.wikipedia.org/wiki/Queen_Creek,_Arizona"
106623,"Safford, Arizona",Arizona,Stub,"https://en.wikipedia.org/wiki/Safford,_Arizona"
106721,"Sahuarita, Arizona",Arizona,Stub,"https://en.wikipedia.org/wiki/Sahuarita,_Arizona"
3432996,"San Luis, Arizona",Arizona,Stub,"https://en.wikipedia.org/wiki/San_Luis,_Arizona"
106659,"Scottsdale, Arizona",Arizona,Start,"https://en.wikipedia.org/wiki/Scottsdale,_Arizona"
96622,"Sedona, Arizona",Arizona,Stub,"https://en.wikipedia.org/wiki/Sedona,_Arizona"
60573,"Show Low, Arizona",Arizona,Stub,"https://en.wikipedia.org/wiki/Show_Low,_Arizona"
106579,"Sierra Vista, Arizona",Arizona,Stub,"https://en.wikipedia.org/wiki/Sierra_Vista,_Arizona"
106701,"Snowflake, Arizona",Arizona,Start,"https://en.wikipedia.org/wiki/Snowflake,_Arizona"
106803,"Somerton, Arizona",Arizona,Stub,"https://en.wikipedia.org/wiki/Somerton,_Arizona"
106724,"South Tucson, Arizona",Arizona,Stub,"https://en.wikipedia.org/wiki/South_Tucson,_Arizona"
106566,"Springerville, Arizona",Arizona,Stub,"https://en.wikipedia.org/wiki/Springerville,_Arizona"
106567,"St. Johns, Arizona",Arizona,Stub,"https://en.wikipedia.org/wiki/St._Johns,_Arizona"
106617,"Star Valley, Arizona",Arizona,Stub,"https://en.wikipedia.org/wiki/Star_Valley,_Arizona"
106764,"Superior, Arizona",Arizona,Start,"https://en.wikipedia.org/wiki/Superior,_Arizona"
106663,"Surprise, Arizona",Arizona,Stub,"https://en.wikipedia.org/wiki/Surprise,_Arizona"
106702,"Taylor, Arizona",Arizona,Stub,"https://en.wikipedia.org/wiki/Taylor,_Arizona"
106664,"Tempe, Arizona",Arizona,Start,"https://en.wikipedia.org/wiki/Tempe,_Arizona"
106625,"Thatcher, Arizona",Arizona,Stub,"https://en.wikipedia.org/wiki/Thatcher,_Arizona"
106665,"Tolleson, Arizona",Arizona,Start,"https://en.wikipedia.org/wiki/Tolleson,_Arizona"
106582,"Tombstone, Arizona",Arizona,Stub,"https://en.wikipedia.org/wiki/Tombstone,_Arizona"
106602,"Tusayan, Arizona",Arizona,Start,"https://en.wikipedia.org/wiki/Tusayan,_Arizona"
106805,"Wellton, Arizona",Arizona,Start,"https://en.wikipedia.org/wiki/Wellton,_Arizona"
106666,"Wickenburg, Arizona",Arizona,Stub,"https://en.wikipedia.org/wiki/Wickenburg,_Arizona"
106584,"Willcox, Arizona",Arizona,Stub,"https://en.wikipedia.org/wiki/Willcox,_Arizona"
106603,"Williams, Arizona",Arizona,Stub,"https://en.wikipedia.org/wiki/Williams,_Arizona"
106620,"Winkelman, Arizona",Arizona,Stub,"https://en.wikipedia.org/wiki/Winkelman,_Arizona"
106704,"Winslow, Arizona",Arizona,Stub,"https://en.wikipedia.org/wiki/Winslow,_Arizona"
106667,"Youngtown, Arizona",Arizona,Stub,"https://en.wikipedia.org/wiki/Youngtown,_Arizona"
107172,"Yuma, Arizona",Arizona,Start,"https://en.wikipedia.org/wiki/Yuma,_Arizona"
107108,"Alicia, Arkansas",Arkansas,Stub,"https://en.wikipedia.org/wiki/Alicia,_Arkansas"
106928,"Allport, Arkansas",Arkansas,Stub,"https://en.wikipedia.org/wiki/Allport,_Arkansas"
106807,"Alma, Arkansas",Arkansas,Stub,"https://en.wikipedia.org/wiki/Alma,_Arkansas"
106853,"Almyra, Arkansas",Arkansas,Stub,"https://en.wikipedia.org/wiki/Almyra,_Arkansas"
107056,"Alpena, Arkansas",Arkansas,Stub,"https://en.wikipedia.org/wiki/Alpena,_Arkansas"
106979,"Altheimer, Arkansas",Arkansas,Stub,"https://en.wikipedia.org/wiki/Altheimer,_Arkansas"
107044,"Altus, Arkansas",Arkansas,Start,"https://en.wikipedia.org/wiki/Altus,_Arkansas"
106882,"Amagon, Arkansas",Arkansas,B,"https://en.wikipedia.org/wiki/Amagon,_Arkansas"
106937,"Amity, Arkansas",Arkansas,Stub,"https://en.wikipedia.org/wiki/Amity,_Arkansas"
106883,"Antoine, Arkansas",Arkansas,Stub,"https://en.wikipedia.org/wiki/Antoine,_Arkansas"
106957,"Arkadelphia, Arkansas",Arkansas,Start,"https://en.wikipedia.org/wiki/Arkadelphia,_Arkansas"
106984,"Arkansas City, Arkansas",Arkansas,Stub,"https://en.wikipedia.org/wiki/Arkansas_City,_Arkansas"
107094,"Ash Flat, Arkansas",Arkansas,Stub,"https://en.wikipedia.org/wiki/Ash_Flat,_Arkansas"
107204,"Ashdown, Arkansas",Arkansas,Stub,"https://en.wikipedia.org/wiki/Ashdown,_Arkansas"
107085,"Atkins, Arkansas",Arkansas,Start,"https://en.wikipedia.org/wiki/Atkins,_Arkansas"
107318,"Aubrey, Arkansas",Arkansas,Stub,"https://en.wikipedia.org/wiki/Aubrey,_Arkansas"
107109,"Augusta, Arkansas",Arkansas,Start,"https://en.wikipedia.org/wiki/Augusta,_Arkansas"
106830,"Austin, Arkansas",Arkansas,Stub,"https://en.wikipedia.org/wiki/Austin,_Arkansas"
107302,"Avoca, Arkansas",Arkansas,Start,"https://en.wikipedia.org/wiki/Avoca,_Arkansas"
106865,"Bald Knob, Arkansas",Arkansas,Stub,"https://en.wikipedia.org/wiki/Bald_Knob,_Arkansas"
107251,"Banks, Arkansas",Arkansas,B,"https://en.wikipedia.org/wiki/Banks,_Arkansas"
107130,"Barling, Arkansas",Arkansas,Start,"https://en.wikipedia.org/wiki/Barling,_Arkansas"
107028,"Bassett, Arkansas",Arkansas,Stub,"https://en.wikipedia.org/wiki/Bassett,_Arkansas"
106918,"Bauxite, Arkansas",Arkansas,Stub,"https://en.wikipedia.org/wiki/Bauxite,_Arkansas"
107166,"Bay, Arkansas",Arkansas,Start,"https://en.wikipedia.org/wiki/Bay,_Arkansas"
106872,"Bearden, Arkansas",Arkansas,Start,"https://en.wikipedia.org/wiki/Bearden,_Arkansas"
107303,"Beaver, Arkansas",Arkansas,Stub,"https://en.wikipedia.org/wiki/Beaver,_Arkansas"
107045,"Beebe, Arkansas",Arkansas,Stub,"https://en.wikipedia.org/wiki/Beebe,_Arkansas"
106831,"Beedeville, Arkansas",Arkansas,Stub,"https://en.wikipedia.org/wiki/Beedeville,_Arkansas"
106854,"Bella Vista, Arkansas",Arkansas,Stub,"https://en.wikipedia.org/wiki/Bella_Vista,_Arkansas"
107323,"Bellefonte, Arkansas",Arkansas,Stub,"https://en.wikipedia.org/wiki/Bellefonte,_Arkansas"
107261,"Belleville, Arkansas",Arkansas,Start,"https://en.wikipedia.org/wiki/Belleville,_Arkansas"
107237,"Ben Lomond, Arkansas",Arkansas,Start,"https://en.wikipedia.org/wiki/Ben_Lomond,_Arkansas"
106832,"Benton, Arkansas",Arkansas,Stub,"https://en.wikipedia.org/wiki/Benton,_Arkansas"
106855,"Bentonville, Arkansas",Arkansas,Stub,"https://en.wikipedia.org/wiki/Bentonville,_Arkansas"
106873,"Bergman, Arkansas",Arkansas,Start,"https://en.wikipedia.org/wiki/Bergman,_Arkansas"
106833,"Berryville, Arkansas",Arkansas,Stub,"https://en.wikipedia.org/wiki/Berryville,_Arkansas"
106822,"Bethel Heights, Arkansas",Arkansas,Stub,"https://en.wikipedia.org/wiki/Bethel_Heights,_Arkansas"
107173,"Big Flat, Arkansas",Arkansas,B,"https://en.wikipedia.org/wiki/Big_Flat,_Arkansas"
107230,"Bigelow, Arkansas",Arkansas,Start,"https://en.wikipedia.org/wiki/Bigelow,_Arkansas"
107131,"Biggers, Arkansas",Arkansas,Stub,"https://en.wikipedia.org/wiki/Biggers,_Arkansas"
106919,"Birdsong, Arkansas",Arkansas,Stub,"https://en.wikipedia.org/wiki/Birdsong,_Arkansas"
107072,"Black Oak, Arkansas",Arkansas,Stub,"https://en.wikipedia.org/wiki/Black_Oak,_Arkansas"
107152,"Black Rock, Arkansas",Arkansas,Start,"https://en.wikipedia.org/wiki/Black_Rock,_Arkansas"
106806,"Black Springs, Arkansas",Arkansas,B,"https://en.wikipedia.org/wiki/Black_Springs,_Arkansas"
107008,"Blevins, Arkansas",Arkansas,Start,"https://en.wikipedia.org/wiki/Blevins,_Arkansas"
106874,"Blue Eye, Arkansas",Arkansas,Start,"https://en.wikipedia.org/wiki/Blue_Eye,_Arkansas"
107099,"Blue Mountain, Arkansas",Arkansas,Stub,"https://en.wikipedia.org/wiki/Blue_Mountain,_Arkansas"
107156,"Bluff City, Arkansas",Arkansas,Start,"https://en.wikipedia.org/wiki/Bluff_City,_Arkansas"
107132,"Blytheville, Arkansas",Arkansas,Stub,"https://en.wikipedia.org/wiki/Blytheville,_Arkansas"
107157,"Bodcaw, Arkansas",Arkansas,Start,"https://en.wikipedia.org/wiki/Bodcaw,_Arkansas"
107252,"Bonanza, Arkansas",Arkansas,Start,"https://en.wikipedia.org/wiki/Bonanza,_Arkansas"
106920,"Bono, Arkansas",Arkansas,Stub,"https://en.wikipedia.org/wiki/Bono,_Arkansas"
107100,"Booneville, Arkansas",Arkansas,Stub,"https://en.wikipedia.org/wiki/Booneville,_Arkansas"
107304,"Bradford, Arkansas",Arkansas,Start,"https://en.wikipedia.org/wiki/Bradford,_Arkansas"
107067,"Bradley, Arkansas",Arkansas,Start,"https://en.wikipedia.org/wiki/Bradley,_Arkansas"
106980,"Branch, Arkansas",Arkansas,Stub,"https://en.wikipedia.org/wiki/Branch,_Arkansas"
106823,"Briarcliff, Arkansas",Arkansas,B,"https://en.wikipedia.org/wiki/Briarcliff,_Arkansas"
107147,"Brinkley, Arkansas",Arkansas,B,"https://en.wikipedia.org/wiki/Brinkley,_Arkansas"
106921,"Brookland, Arkansas",Arkansas,Stub,"https://en.wikipedia.org/wiki/Brookland,_Arkansas"
107238,"Bryant, Arkansas",Arkansas,Start,"https://en.wikipedia.org/wiki/Bryant,_Arkansas"
107068,"Buckner, Arkansas",Arkansas,Start,"https://en.wikipedia.org/wiki/Buckner,_Arkansas"
107122,"Bull Shoals, Arkansas",Arkansas,Stub,"https://en.wikipedia.org/wiki/Bull_Shoals,_Arkansas"
107133,"Burdette, Arkansas",Arkansas,Start,"https://en.wikipedia.org/wiki/Burdette,_Arkansas"
107110,"Cabot, Arkansas",Arkansas,Stub,"https://en.wikipedia.org/wiki/Cabot,_Arkansas"
106884,"Caddo Valley, Arkansas",Arkansas,Stub,"https://en.wikipedia.org/wiki/Caddo_Valley,_Arkansas"
107271,"Caldwell, Arkansas",Arkansas,Stub,"https://en.wikipedia.org/wiki/Caldwell,_Arkansas"
107158,"Cale, Arkansas",Arkansas,Stub,"https://en.wikipedia.org/wiki/Cale,_Arkansas"
107037,"Calico Rock, Arkansas",Arkansas,Stub,"https://en.wikipedia.org/wiki/Calico_Rock,_Arkansas"
107281,"Calion, Arkansas",Arkansas,Stub,"https://en.wikipedia.org/wiki/Calion,_Arkansas"
107167,"Camden, Arkansas",Arkansas,B,"https://en.wikipedia.org/wiki/Camden,_Arkansas"
107216,"Cammack Village, Arkansas",Arkansas,Stub,"https://en.wikipedia.org/wiki/Cammack_Village,_Arkansas"
107046,"Campbell Station, Arkansas",Arkansas,Stub,"https://en.wikipedia.org/wiki/Campbell_Station,_Arkansas"
106922,"Caraway, Arkansas",Arkansas,Start,"https://en.wikipedia.org/wiki/Caraway,_Arkansas"
107111,"Carlisle, Arkansas",Arkansas,Stub,"https://en.wikipedia.org/wiki/Carlisle,_Arkansas"
106954,"Carthage, Arkansas",Arkansas,Stub,"https://en.wikipedia.org/wiki/Carthage,_Arkansas"
107174,"Casa, Arkansas",Arkansas,Stub,"https://en.wikipedia.org/wiki/Casa,_Arkansas"
106923,"Cash, Arkansas",Arkansas,Stub,"https://en.wikipedia.org/wiki/Cash,_Arkansas"
107101,"Caulksville, Arkansas",Arkansas,Stub,"https://en.wikipedia.org/wiki/Caulksville,_Arkansas"
107029,"Cave City, Arkansas",Arkansas,Start,"https://en.wikipedia.org/wiki/Cave_City,_Arkansas"
106834,"Cave Springs, Arkansas",Arkansas,Stub,"https://en.wikipedia.org/wiki/Cave_Springs,_Arkansas"
106929,"Cedarville, Arkansas",Arkansas,Stub,"https://en.wikipedia.org/wiki/Cedarville,_Arkansas"
106835,"Centerton, Arkansas",Arkansas,Stub,"https://en.wikipedia.org/wiki/Centerton,_Arkansas"
107253,"Central City, Arkansas",Arkansas,Stub,"https://en.wikipedia.org/wiki/Central_City,_Arkansas"
106981,"Charleston, Arkansas",Arkansas,Stub,"https://en.wikipedia.org/wiki/Charleston,_Arkansas"
106985,"Cherokee Village, Arkansas",Arkansas,Stub,"https://en.wikipedia.org/wiki/Cherokee_Village,_Arkansas"
106949,"Cherry Valley, Arkansas",Arkansas,Stub,"https://en.wikipedia.org/wiki/Cherry_Valley,_Arkansas"
106930,"Chester, Arkansas",Arkansas,Stub,"https://en.wikipedia.org/wiki/Chester,_Arkansas"
107168,"Chidester, Arkansas",Arkansas,Stub,"https://en.wikipedia.org/wiki/Chidester,_Arkansas"
107148,"Clarendon, Arkansas",Arkansas,Stub,"https://en.wikipedia.org/wiki/Clarendon,_Arkansas"
32075037,"Clarkedale, Arkansas",Arkansas,Stub,"https://en.wikipedia.org/wiki/Clarkedale,_Arkansas"
107062,"Clarksville, Arkansas",Arkansas,Stub,"https://en.wikipedia.org/wiki/Clarksville,_Arkansas"
107289,"Clinton, Arkansas",Arkansas,Stub,"https://en.wikipedia.org/wiki/Clinton,_Arkansas"
107063,"Coal Hill, Arkansas",Arkansas,Start,"https://en.wikipedia.org/wiki/Coal_Hill,_Arkansas"
107272,"Colt, Arkansas",Arkansas,Start,"https://en.wikipedia.org/wiki/Colt,_Arkansas"
106901,"Concord, Arkansas",Arkansas,Stub,"https://en.wikipedia.org/wiki/Concord,_Arkansas"
106968,"Conway, Arkansas",Arkansas,Stub,"https://en.wikipedia.org/wiki/Conway,_Arkansas"
107324,"Corinth, Arkansas",Arkansas,Start,"https://en.wikipedia.org/wiki/Corinth,_Arkansas"
106889,"Corning, Arkansas",Arkansas,Start,"https://en.wikipedia.org/wiki/Corning,_Arkansas"
106824,"Cotter, Arkansas",Arkansas,Stub,"https://en.wikipedia.org/wiki/Cotter,_Arkansas"
107319,"Cotton Plant, Arkansas",Arkansas,Stub,"https://en.wikipedia.org/wiki/Cotton_Plant,_Arkansas"
107198,"Cove, Arkansas",Arkansas,Stub,"https://en.wikipedia.org/wiki/Cove,_Arkansas"
107112,"Coy, Arkansas",Arkansas,Stub,"https://en.wikipedia.org/wiki/Coy,_Arkansas"
106938,"Crawfordsville, Arkansas",Arkansas,Stub,"https://en.wikipedia.org/wiki/Crawfordsville,_Arkansas"
106813,"Crossett, Arkansas",Arkansas,Start,"https://en.wikipedia.org/wiki/Crossett,_Arkansas"
107030,"Cushman, Arkansas",Arkansas,Start,"https://en.wikipedia.org/wiki/Cushman,_Arkansas"
107186,"Daisy, Arkansas",Arkansas,Stub,"https://en.wikipedia.org/wiki/Daisy,_Arkansas"
106969,"Damascus, Arkansas",Arkansas,Start,"https://en.wikipedia.org/wiki/Damascus,_Arkansas"
107325,"Danville, Arkansas",Arkansas,Start,"https://en.wikipedia.org/wiki/Danville,_Arkansas"
107326,"Dardanelle, Arkansas",Arkansas,Stub,"https://en.wikipedia.org/wiki/Dardanelle,_Arkansas"
106890,"Datto, Arkansas",Arkansas,Start,"https://en.wikipedia.org/wiki/Datto,_Arkansas"
107210,"De Queen, Arkansas",Arkansas,Stub,"https://en.wikipedia.org/wiki/De_Queen,_Arkansas"
106808,"DeValls Bluff, Arkansas",Arkansas,Start,"https://en.wikipedia.org/wiki/DeValls_Bluff,_Arkansas"
107262,"Decatur, Arkansas",Arkansas,Start,"https://en.wikipedia.org/wiki/Decatur,_Arkansas"
106836,"Delaplaine, Arkansas",Arkansas,Stub,"https://en.wikipedia.org/wiki/Delaplaine,_Arkansas"
107003,"Delight, Arkansas",Arkansas,Stub,"https://en.wikipedia.org/wiki/Delight,_Arkansas"
107187,"Dell, Arkansas",Arkansas,Stub,"https://en.wikipedia.org/wiki/Dell,_Arkansas"
107134,"Denning, Arkansas",Arkansas,Stub,"https://en.wikipedia.org/wiki/Denning,_Arkansas"
106982,"Dermott, Arkansas",Arkansas,Start,"https://en.wikipedia.org/wiki/Dermott,_Arkansas"
106879,"Des Arc, Arkansas",Arkansas,Stub,"https://en.wikipedia.org/wiki/Des_Arc,_Arkansas"
107211,"DeWitt, Arkansas",Arkansas,Stub,"https://en.wikipedia.org/wiki/DeWitt,_Arkansas"
106856,"Diamond City, Arkansas",Arkansas,Start,"https://en.wikipedia.org/wiki/Diamond_City,_Arkansas"
107047,"Diaz, Arkansas",Arkansas,Start,"https://en.wikipedia.org/wiki/Diaz,_Arkansas"
107024,"Dierks, Arkansas",Arkansas,Start,"https://en.wikipedia.org/wiki/Dierks,_Arkansas"
107019,"Donaldson, Arkansas",Arkansas,Stub,"https://en.wikipedia.org/wiki/Donaldson,_Arkansas"
107205,"Dover, Arkansas",Arkansas,Stub,"https://en.wikipedia.org/wiki/Dover,_Arkansas"
106958,"Dumas, Arkansas",Arkansas,B,"https://en.wikipedia.org/wiki/Dumas,_Arkansas"
106931,"Dyer, Arkansas",Arkansas,Stub,"https://en.wikipedia.org/wiki/Dyer,_Arkansas"
107135,"Dyess, Arkansas",Arkansas,Start,"https://en.wikipedia.org/wiki/Dyess,_Arkansas"
106939,"Earle, Arkansas",Arkansas,Stub,"https://en.wikipedia.org/wiki/Earle,_Arkansas"
107169,"East Camden, Arkansas",Arkansas,B,"https://en.wikipedia.org/wiki/East_Camden,_Arkansas"
106940,"Edmondson, Arkansas",Arkansas,Stub,"https://en.wikipedia.org/wiki/Edmondson,_Arkansas"
106924,"Egypt, Arkansas",Arkansas,Start,"https://en.wikipedia.org/wiki/Egypt,_Arkansas"
107282,"El Dorado, Arkansas",Arkansas,Stub,"https://en.wikipedia.org/wiki/El_Dorado,_Arkansas"
107179,"Elaine, Arkansas",Arkansas,Stub,"https://en.wikipedia.org/wiki/Elaine,_Arkansas"
107291,"Elkins, Arkansas",Arkansas,Stub,"https://en.wikipedia.org/wiki/Elkins,_Arkansas"
106837,"Elm Springs, Arkansas",Arkansas,Stub,"https://en.wikipedia.org/wiki/Elm_Springs,_Arkansas"
106909,"Emerson, Arkansas",Arkansas,Start,"https://en.wikipedia.org/wiki/Emerson,_Arkansas"
107009,"Emmet, Arkansas",Arkansas,Stub,"https://en.wikipedia.org/wiki/Emmet,_Arkansas"
2539441,"England, Arkansas",Arkansas,B,"https://en.wikipedia.org/wiki/England,_Arkansas"
106970,"Enola, Arkansas",Arkansas,Stub,"https://en.wikipedia.org/wiki/Enola,_Arkansas"
107136,"Etowah, Arkansas",Arkansas,Start,"https://en.wikipedia.org/wiki/Etowah,_Arkansas"
106880,"Eudora, Arkansas",Arkansas,Start,"https://en.wikipedia.org/wiki/Eudora,_Arkansas"
106876,"Eureka Springs, Arkansas",Arkansas,Start,"https://en.wikipedia.org/wiki/Eureka_Springs,_Arkansas"
107266,"Evening Shade, Arkansas",Arkansas,Start,"https://en.wikipedia.org/wiki/Evening_Shade,_Arkansas"
106857,"Everton, Arkansas",Arkansas,Start,"https://en.wikipedia.org/wiki/Everton,_Arkansas"
106902,"Fairfield Bay, Arkansas",Arkansas,Start,"https://en.wikipedia.org/wiki/Fairfield_Bay,_Arkansas"
107149,"Fargo, Arkansas",Arkansas,Stub,"https://en.wikipedia.org/wiki/Fargo,_Arkansas"
107292,"Farmington, Arkansas",Arkansas,Stub,"https://en.wikipedia.org/wiki/Farmington,_Arkansas"
107293,"Fayetteville, Arkansas",Arkansas,Start,"https://en.wikipedia.org/wiki/Fayetteville,_Arkansas"
107283,"Felsenthal, Arkansas",Arkansas,Start,"https://en.wikipedia.org/wiki/Felsenthal,_Arkansas"
107279,"Fifty-Six, Arkansas",Arkansas,Stub,"https://en.wikipedia.org/wiki/Fifty-Six,_Arkansas"
107190,"Fisher, Arkansas",Arkansas,B,"https://en.wikipedia.org/wiki/Fisher,_Arkansas"
107123,"Flippin, Arkansas",Arkansas,Stub,"https://en.wikipedia.org/wiki/Flippin,_Arkansas"
106955,"Fordyce, Arkansas",Arkansas,Start,"https://en.wikipedia.org/wiki/Fordyce,_Arkansas"
107095,"Foreman, Arkansas",Arkansas,Stub,"https://en.wikipedia.org/wiki/Foreman,_Arkansas"
107254,"Fort Smith, Arkansas",Arkansas,Stub,"https://en.wikipedia.org/wiki/Fort_Smith,_Arkansas"
107127,"Fouke, Arkansas",Arkansas,B,"https://en.wikipedia.org/wiki/Fouke,_Arkansas"
106990,"Fountain Lake, Arkansas",Arkansas,Start,"https://en.wikipedia.org/wiki/Fountain_Lake,_Arkansas"
107175,"Fourche, Arkansas",Arkansas,Stub,"https://en.wikipedia.org/wiki/Fourche,_Arkansas"
107038,"Franklin, Arkansas",Arkansas,Stub,"https://en.wikipedia.org/wiki/Franklin,_Arkansas"
107212,"Fredonia (Biscoe), Arkansas",Arkansas,Stub,"https://en.wikipedia.org/wiki/Fredonia_(Biscoe),_Arkansas"
107020,"Friendship, Arkansas",Arkansas,Start,"https://en.wikipedia.org/wiki/Friendship,_Arkansas"
107010,"Fulton, Arkansas",Arkansas,Start,"https://en.wikipedia.org/wiki/Fulton,_Arkansas"
106838,"Garfield, Arkansas",Arkansas,B,"https://en.wikipedia.org/wiki/Garfield,_Arkansas"
107128,"Garland, Arkansas",Arkansas,Stub,"https://en.wikipedia.org/wiki/Garland,_Arkansas"
107305,"Garner, Arkansas",Arkansas,B,"https://en.wikipedia.org/wiki/Garner,_Arkansas"
106825,"Gassville, Arkansas",Arkansas,Stub,"https://en.wikipedia.org/wiki/Gassville,_Arkansas"
106839,"Gateway, Arkansas",Arkansas,Stub,"https://en.wikipedia.org/wiki/Gateway,_Arkansas"
106840,"Gentry, Arkansas",Arkansas,Stub,"https://en.wikipedia.org/wiki/Gentry,_Arkansas"
107306,"Georgetown, Arkansas",Arkansas,Stub,"https://en.wikipedia.org/wiki/Georgetown,_Arkansas"
106809,"Gillett, Arkansas",Arkansas,Start,"https://en.wikipedia.org/wiki/Gillett,_Arkansas"
107263,"Gillham, Arkansas",Arkansas,Stub,"https://en.wikipedia.org/wiki/Gillham,_Arkansas"
106941,"Gilmore, Arkansas",Arkansas,Start,"https://en.wikipedia.org/wiki/Gilmore,_Arkansas"
107188,"Glenwood, Arkansas",Arkansas,Stub,"https://en.wikipedia.org/wiki/Glenwood,_Arkansas"
107294,"Goshen, Arkansas",Arkansas,Stub,"https://en.wikipedia.org/wiki/Goshen,_Arkansas"
107137,"Gosnell, Arkansas",Arkansas,Start,"https://en.wikipedia.org/wiki/Gosnell,_Arkansas"
107091,"Gould, Arkansas",Arkansas,Start,"https://en.wikipedia.org/wiki/Gould,_Arkansas"
107092,"Grady, Arkansas",Arkansas,B,"https://en.wikipedia.org/wiki/Grady,_Arkansas"
107199,"Grannis, Arkansas",Arkansas,Start,"https://en.wikipedia.org/wiki/Grannis,_Arkansas"
106841,"Gravette, Arkansas",Arkansas,Stub,"https://en.wikipedia.org/wiki/Gravette,_Arkansas"
106877,"Green Forest, Arkansas",Arkansas,Stub,"https://en.wikipedia.org/wiki/Green_Forest,_Arkansas"
106971,"Greenbrier, Arkansas",Arkansas,Stub,"https://en.wikipedia.org/wiki/Greenbrier,_Arkansas"
107295,"Greenland, Arkansas",Arkansas,Stub,"https://en.wikipedia.org/wiki/Greenland,_Arkansas"
106891,"Greenway, Arkansas",Arkansas,Start,"https://en.wikipedia.org/wiki/Greenway,_Arkansas"
107255,"Greenwood, Arkansas",Arkansas,Stub,"https://en.wikipedia.org/wiki/Greenwood,_Arkansas"
107307,"Griffithville, Arkansas",Arkansas,Start,"https://en.wikipedia.org/wiki/Griffithville,_Arkansas"
107048,"Grubbs, Arkansas",Arkansas,Stub,"https://en.wikipedia.org/wiki/Grubbs,_Arkansas"
107039,"Guion, Arkansas",Arkansas,Start,"https://en.wikipedia.org/wiki/Guion,_Arkansas"
106885,"Gum Springs, Arkansas",Arkansas,Start,"https://en.wikipedia.org/wiki/Gum_Springs,_Arkansas"
106886,"Gurdon, Arkansas",Arkansas,Start,"https://en.wikipedia.org/wiki/Gurdon,_Arkansas"
106972,"Guy, Arkansas",Arkansas,B,"https://en.wikipedia.org/wiki/Guy,_Arkansas"
107256,"Hackett, Arkansas",Arkansas,Start,"https://en.wikipedia.org/wiki/Hackett,_Arkansas"
106815,"Hamburg, Arkansas",Arkansas,Stub,"https://en.wikipedia.org/wiki/Hamburg,_Arkansas"
106868,"Hampton, Arkansas",Arkansas,Start,"https://en.wikipedia.org/wiki/Hampton,_Arkansas"
107267,"Hardy, Arkansas",Arkansas,Start,"https://en.wikipedia.org/wiki/Hardy,_Arkansas"
106869,"Harrell, Arkansas",Arkansas,Start,"https://en.wikipedia.org/wiki/Harrell,_Arkansas"
107191,"Harrisburg, Arkansas",Arkansas,Stub,"https://en.wikipedia.org/wiki/Harrisburg,_Arkansas"
106858,"Harrison, Arkansas",Arkansas,Stub,"https://en.wikipedia.org/wiki/Harrison,_Arkansas"
107257,"Hartford, Arkansas",Arkansas,Start,"https://en.wikipedia.org/wiki/Hartford,_Arkansas"
107064,"Hartman, Arkansas",Arkansas,Stub,"https://en.wikipedia.org/wiki/Hartman,_Arkansas"
107240,"Haskell, Arkansas",Arkansas,B,"https://en.wikipedia.org/wiki/Haskell,_Arkansas"
107200,"Hatfield, Arkansas",Arkansas,Stub,"https://en.wikipedia.org/wiki/Hatfield,_Arkansas"
107327,"Havana, Arkansas",Arkansas,Stub,"https://en.wikipedia.org/wiki/Havana,_Arkansas"
107086,"Haynes, Arkansas",Arkansas,Stub,"https://en.wikipedia.org/wiki/Haynes,_Arkansas"
107213,"Hazen, Arkansas",Arkansas,Stub,"https://en.wikipedia.org/wiki/Hazen,_Arkansas"
106904,"Heber Springs, Arkansas",Arkansas,Start,"https://en.wikipedia.org/wiki/Heber_Springs,_Arkansas"
107206,"Hector, Arkansas",Arkansas,Start,"https://en.wikipedia.org/wiki/Hector,_Arkansas"
53634993,"Helena-West Helena, Arkansas",Arkansas,B,"https://en.wikipedia.org/wiki/Helena-West_Helena,_Arkansas"
106866,"Hermitage, Arkansas",Arkansas,Stub,"https://en.wikipedia.org/wiki/Hermitage,_Arkansas"
106950,"Hickory Ridge, Arkansas",Arkansas,Stub,"https://en.wikipedia.org/wiki/Hickory_Ridge,_Arkansas"
106905,"Higden, Arkansas",Arkansas,B,"https://en.wikipedia.org/wiki/Higden,_Arkansas"
107308,"Higginson, Arkansas",Arkansas,Stub,"https://en.wikipedia.org/wiki/Higginson,_Arkansas"
106843,"Highfill, Arkansas",Arkansas,Start,"https://en.wikipedia.org/wiki/Highfill,_Arkansas"
107268,"Highland, Arkansas",Arkansas,Start,"https://en.wikipedia.org/wiki/Highland,_Arkansas"
107119,"Hindsville, Arkansas",Arkansas,Start,"https://en.wikipedia.org/wiki/Hindsville,_Arkansas"
106973,"Holland, Arkansas",Arkansas,Start,"https://en.wikipedia.org/wiki/Holland,_Arkansas"
107150,"Holly Grove, Arkansas",Arkansas,Start,"https://en.wikipedia.org/wiki/Holly_Grove,_Arkansas"
70532,"Hope, Arkansas",Arkansas,Stub,"https://en.wikipedia.org/wiki/Hope,_Arkansas"
106986,"Horseshoe Bend, Arkansas",Arkansas,Start,"https://en.wikipedia.org/wiki/Horseshoe_Bend,_Arkansas"
106942,"Horseshoe Lake, Arkansas",Arkansas,Stub,"https://en.wikipedia.org/wiki/Horseshoe_Lake,_Arkansas"
106991,"Hot Springs, Arkansas",Arkansas,Start,"https://en.wikipedia.org/wiki/Hot_Springs,_Arkansas"
107176,"Houston, Arkansas",Arkansas,Stub,"https://en.wikipedia.org/wiki/Houston,_Arkansas"
107074,"Hoxie, Arkansas",Arkansas,B,"https://en.wikipedia.org/wiki/Hoxie,_Arkansas"
107274,"Hughes, Arkansas",Arkansas,Start,"https://en.wikipedia.org/wiki/Hughes,_Arkansas"
107114,"Humnoke, Arkansas",Arkansas,Stub,"https://en.wikipedia.org/wiki/Humnoke,_Arkansas"
106810,"Humphrey, Arkansas",Arkansas,Stub,"https://en.wikipedia.org/wiki/Humphrey,_Arkansas"
107320,"Hunter, Arkansas",Arkansas,Stub,"https://en.wikipedia.org/wiki/Hunter,_Arkansas"
107258,"Huntington, Arkansas",Arkansas,Start,"https://en.wikipedia.org/wiki/Huntington,_Arkansas"
107120,"Huntsville, Arkansas",Arkansas,B,"https://en.wikipedia.org/wiki/Huntsville,_Arkansas"
107284,"Huttig, Arkansas",Arkansas,Stub,"https://en.wikipedia.org/wiki/Huttig,_Arkansas"
107075,"Imboden, Arkansas",Arkansas,Stub,"https://en.wikipedia.org/wiki/Imboden,_Arkansas"
107049,"Jacksonport, Arkansas",Arkansas,Stub,"https://en.wikipedia.org/wiki/Jacksonport,_Arkansas"
107221,"Jacksonville, Arkansas",Arkansas,Start,"https://en.wikipedia.org/wiki/Jacksonville,_Arkansas"
106943,"Jennette, Arkansas",Arkansas,Start,"https://en.wikipedia.org/wiki/Jennette,_Arkansas"
106944,"Jericho, Arkansas",Arkansas,Stub,"https://en.wikipedia.org/wiki/Jericho,_Arkansas"
107296,"Johnson, Arkansas",Arkansas,Start,"https://en.wikipedia.org/wiki/Johnson,_Arkansas"
107138,"Joiner, Arkansas",Arkansas,Stub,"https://en.wikipedia.org/wiki/Joiner,_Arkansas"
106925,"Jonesboro, Arkansas",Arkansas,Start,"https://en.wikipedia.org/wiki/Jonesboro,_Arkansas"
107309,"Judsonia, Arkansas",Arkansas,Stub,"https://en.wikipedia.org/wiki/Judsonia,_Arkansas"
107285,"Junction City, Arkansas",Arkansas,Stub,"https://en.wikipedia.org/wiki/Junction_City,_Arkansas"
107139,"Keiser, Arkansas",Arkansas,Stub,"https://en.wikipedia.org/wiki/Keiser,_Arkansas"
107310,"Kensett, Arkansas",Arkansas,Stub,"https://en.wikipedia.org/wiki/Kensett,_Arkansas"
107115,"Keo, Arkansas",Arkansas,Stub,"https://en.wikipedia.org/wiki/Keo,_Arkansas"
106932,"Kibler, Arkansas",Arkansas,Stub,"https://en.wikipedia.org/wiki/Kibler,_Arkansas"
106907,"Kingsland, Arkansas",Arkansas,Stub,"https://en.wikipedia.org/wiki/Kingsland,_Arkansas"
106892,"Knobel, Arkansas",Arkansas,Stub,"https://en.wikipedia.org/wiki/Knobel,_Arkansas"
107065,"Knoxville, Arkansas",Arkansas,B,"https://en.wikipedia.org/wiki/Knoxville,_Arkansas"
107087,"Lafe, Arkansas",Arkansas,Stub,"https://en.wikipedia.org/wiki/Lafe,_Arkansas"
107004,"LaGrange, Arkansas",Arkansas,Stub,"https://en.wikipedia.org/wiki/LaGrange,_Arkansas"
106926,"Lake City, Arkansas",Arkansas,Stub,"https://en.wikipedia.org/wiki/Lake_City,_Arkansas"
107181,"Lake View, Arkansas",Arkansas,Stub,"https://en.wikipedia.org/wiki/Lake_View,_Arkansas"
106881,"Lake Village, Arkansas",Arkansas,Start,"https://en.wikipedia.org/wiki/Lake_Village,_Arkansas"
106826,"Lakeview, Arkansas",Arkansas,Stub,"https://en.wikipedia.org/wiki/Lakeview,_Arkansas"
107066,"Lamar, Arkansas",Arkansas,Start,"https://en.wikipedia.org/wiki/Lamar,_Arkansas"
107259,"Lavaca, Arkansas",Arkansas,Stub,"https://en.wikipedia.org/wiki/Lavaca,_Arkansas"
107140,"Leachville, Arkansas",Arkansas,B,"https://en.wikipedia.org/wiki/Leachville,_Arkansas"
106859,"Lead Hill, Arkansas",Arkansas,B,"https://en.wikipedia.org/wiki/Lead_Hill,_Arkansas"
106998,"Leola, Arkansas",Arkansas,B,"https://en.wikipedia.org/wiki/Leola,_Arkansas"
107192,"Lepanto, Arkansas",Arkansas,Start,"https://en.wikipedia.org/wiki/Lepanto,_Arkansas"
107247,"Leslie, Arkansas",Arkansas,B,"https://en.wikipedia.org/wiki/Leslie,_Arkansas"
107311,"Letona, Arkansas",Arkansas,Stub,"https://en.wikipedia.org/wiki/Letona,_Arkansas"
107069,"Lewisville, Arkansas",Arkansas,Start,"https://en.wikipedia.org/wiki/Lewisville,_Arkansas"
107182,"Lexa, Arkansas",Arkansas,Stub,"https://en.wikipedia.org/wiki/Lexa,_Arkansas"
107297,"Lincoln, Arkansas",Arkansas,Start,"https://en.wikipedia.org/wiki/Lincoln,_Arkansas"
106844,"Little Flock, Arkansas",Arkansas,Start,"https://en.wikipedia.org/wiki/Little_Flock,_Arkansas"
107265,"Lockesburg, Arkansas",Arkansas,Start,"https://en.wikipedia.org/wiki/Lockesburg,_Arkansas"
107207,"London, Arkansas",Arkansas,Stub,"https://en.wikipedia.org/wiki/London,_Arkansas"
107116,"Lonoke, Arkansas",Arkansas,B,"https://en.wikipedia.org/wiki/Lonoke,_Arkansas"
106994,"Lonsdale, Arkansas",Arkansas,B,"https://en.wikipedia.org/wiki/Lonsdale,_Arkansas"
107170,"Louann, Arkansas",Arkansas,Stub,"https://en.wikipedia.org/wiki/Louann,_Arkansas"
107141,"Luxora, Arkansas",Arkansas,Start,"https://en.wikipedia.org/wiki/Luxora,_Arkansas"
107076,"Lynn, Arkansas",Arkansas,Start,"https://en.wikipedia.org/wiki/Lynn,_Arkansas"
107275,"Madison, Arkansas",Arkansas,Stub,"https://en.wikipedia.org/wiki/Madison,_Arkansas"
107102,"Magazine, Arkansas",Arkansas,Stub,"https://en.wikipedia.org/wiki/Magazine,_Arkansas"
107031,"Magness, Arkansas",Arkansas,Stub,"https://en.wikipedia.org/wiki/Magness,_Arkansas"
106910,"Magnolia, Arkansas",Arkansas,Start,"https://en.wikipedia.org/wiki/Magnolia,_Arkansas"
107021,"Malvern, Arkansas",Arkansas,Stub,"https://en.wikipedia.org/wiki/Malvern,_Arkansas"
106987,"Mammoth Spring, Arkansas",Arkansas,Start,"https://en.wikipedia.org/wiki/Mammoth_Spring,_Arkansas"
107142,"Manila, Arkansas",Arkansas,Stub,"https://en.wikipedia.org/wiki/Manila,_Arkansas"
107244,"Mansfield, Arkansas",Arkansas,Start,"https://en.wikipedia.org/wiki/Mansfield,_Arkansas"
107088,"Marianna, Arkansas",Arkansas,Start,"https://en.wikipedia.org/wiki/Marianna,_Arkansas"
107143,"Marie, Arkansas",Arkansas,Start,"https://en.wikipedia.org/wiki/Marie,_Arkansas"
106945,"Marion, Arkansas",Arkansas,Start,"https://en.wikipedia.org/wiki/Marion,_Arkansas"
107193,"Marked Tree, Arkansas",Arkansas,Start,"https://en.wikipedia.org/wiki/Marked_Tree,_Arkansas"
107005,"Marmaduke, Arkansas",Arkansas,Stub,"https://en.wikipedia.org/wiki/Marmaduke,_Arkansas"
107248,"Marshall, Arkansas",Arkansas,Stub,"https://en.wikipedia.org/wiki/Marshall,_Arkansas"
